corrida,fold,referencia,umbral,precision,recall,P_media_en_borde_real
cv_c00_base_e12_f0,0,edge.npy,0.1,0.3435,0.1766,0.2031
cv_c00_base_e12_f0,0,edge.npy,0.2,0.3522,0.1643,0.2031
cv_c00_base_e12_f0,0,edge.npy,0.3,0.3582,0.156,0.2031
cv_c00_base_e12_f0,0,edge.npy,0.5,0.3681,0.1445,0.2031
cv_c00b_seed1337_e12_f0,0,edge.npy,0.1,0.353,0.1855,0.2193
cv_c00b_seed1337_e12_f0,0,edge.npy,0.2,0.3627,0.1745,0.2193
cv_c00b_seed1337_e12_f0,0,edge.npy,0.3,0.3685,0.1667,0.2193
cv_c00b_seed1337_e12_f0,0,edge.npy,0.5,0.3781,0.1559,0.2193
cv_c01_posw4_e12_f0,0,edge.npy,0.1,0.3574,0.1671,0.2019
cv_c01_posw4_e12_f0,0,edge.npy,0.2,0.3652,0.1571,0.2019
cv_c01_posw4_e12_f0,0,edge.npy,0.3,0.3708,0.1507,0.2019
cv_c01_posw4_e12_f0,0,edge.npy,0.5,0.3793,0.1411,0.2019
cv_c02_posw16_e12_f0,0,edge.npy,0.1,0.3338,0.1643,0.1834
cv_c02_posw16_e12_f0,0,edge.npy,0.2,0.3436,0.1532,0.1834
cv_c02_posw16_e12_f0,0,edge.npy,0.3,0.3513,0.1461,0.1834
cv_c02_posw16_e12_f0,0,edge.npy,0.5,0.3611,0.1348,0.1834
cv_c03_edge_d1_e12_f0,0,edge.npy,0.1,0.3805,0.1254,0.1431
cv_c03_edge_d1_e12_f0,0,edge.npy,0.2,0.3908,0.1152,0.1431
cv_c03_edge_d1_e12_f0,0,edge.npy,0.3,0.3972,0.1087,0.1431
cv_c03_edge_d1_e12_f0,0,edge.npy,0.5,0.4071,0.0996,0.1431
cv_c03_edge_d1_e12_f0,0,edge_d1.npy,0.1,0.286,0.1458,0.1707
cv_c03_edge_d1_e12_f0,0,edge_d1.npy,0.2,0.2948,0.1344,0.1707
cv_c03_edge_d1_e12_f0,0,edge_d1.npy,0.3,0.3016,0.1277,0.1707
cv_c03_edge_d1_e12_f0,0,edge_d1.npy,0.5,0.3105,0.1175,0.1707
cv_c04_edge_d3_e12_f0,0,edge.npy,0.1,0.2965,0.1993,0.2335
cv_c04_edge_d3_e12_f0,0,edge.npy,0.2,0.3047,0.1882,0.2335
cv_c04_edge_d3_e12_f0,0,edge.npy,0.3,0.3105,0.1808,0.2335
cv_c04_edge_d3_e12_f0,0,edge.npy,0.5,0.319,0.1693,0.2335
cv_c04_edge_d3_e12_f0,0,edge_d3.npy,0.1,0.381,0.1858,0.2131
cv_c04_edge_d3_e12_f0,0,edge_d3.npy,0.2,0.3905,0.175,0.2131
cv_c04_edge_d3_e12_f0,0,edge_d3.npy,0.3,0.3968,0.1677,0.2131
cv_c04_edge_d3_e12_f0,0,edge_d3.npy,0.5,0.4071,0.1568,0.2131
cv_c05_oversample3_e12_f0,0,edge.npy,0.1,0.4446,0.1964,0.2279
cv_c05_oversample3_e12_f0,0,edge.npy,0.2,0.4544,0.1866,0.2279
cv_c05_oversample3_e12_f0,0,edge.npy,0.3,0.4621,0.1802,0.2279
cv_c05_oversample3_e12_f0,0,edge.npy,0.5,0.4726,0.1704,0.2279
cv_c06_lr1e3_e12_f0,0,edge.npy,0.1,0.391,0.1833,0.2133
cv_c06_lr1e3_e12_f0,0,edge.npy,0.2,0.3988,0.1711,0.2133
cv_c06_lr1e3_e12_f0,0,edge.npy,0.3,0.4045,0.163,0.2133
cv_c06_lr1e3_e12_f0,0,edge.npy,0.5,0.4132,0.1515,0.2133
cv_c07_sdrop0_e12_f0,0,edge.npy,0.1,0.3983,0.1754,0.2116
cv_c07_sdrop0_e12_f0,0,edge.npy,0.2,0.4098,0.165,0.2116
cv_c07_sdrop0_e12_f0,0,edge.npy,0.3,0.4169,0.1578,0.2116
cv_c07_sdrop0_e12_f0,0,edge.npy,0.5,0.4287,0.1471,0.2116
cv_c08_sdrop02_e12_f0,0,edge.npy,0.1,0.3157,0.1947,0.2384
cv_c08_sdrop02_e12_f0,0,edge.npy,0.2,0.3233,0.1844,0.2384
cv_c08_sdrop02_e12_f0,0,edge.npy,0.3,0.329,0.1773,0.2384
cv_c08_sdrop02_e12_f0,0,edge.npy,0.5,0.3371,0.167,0.2384
cv_c09_augstrong_e12_f0,0,edge.npy,0.1,0.3081,0.1991,0.2332
cv_c09_augstrong_e12_f0,0,edge.npy,0.2,0.3179,0.1868,0.2332
cv_c09_augstrong_e12_f0,0,edge.npy,0.3,0.3248,0.1785,0.2332
cv_c09_augstrong_e12_f0,0,edge.npy,0.5,0.3355,0.1658,0.2332
cv_c10_bblr03_e12_f0,0,edge.npy,0.1,0.2721,0.1351,0.1921
cv_c10_bblr03_e12_f0,0,edge.npy,0.2,0.2834,0.127,0.1921
cv_c10_bblr03_e12_f0,0,edge.npy,0.3,0.2918,0.1215,0.1921
cv_c10_bblr03_e12_f0,0,edge.npy,0.5,0.3049,0.1139,0.1921
