case_id,orientation_orig,header_match,pixel_type,dim_x,dim_y,dim_z,dx,dy,dz,fov_x_mm,fov_y_mm,fov_z_mm,hu_min,hu_max,hu_p001,hu_p01,hu_p50,hu_p99,hu_p999,frac_below_air,bone_hu_p01,bone_hu_p05,bone_hu_p25,bone_hu_p50,bone_hu_p75,bone_hu_p95,bone_hu_p99,bone_frac_below_mip_thr,bone_frac_below_window,bone_frac_above_window,bone_volume_cm3,metal_cm3,metal_in_bone_cm3,vox_above_2500_cm3,above_mip_thr_outside_labels_cm3,metal_to_bone_mm,crop_side_px,crop_side_mm,px_mm_no_crop_256,px_mm_crop_256,bone_bbox_w_mm,bone_bbox_h_mm,bone_inside_crop,z_bone_first,z_bone_last,slices_with_bone,bone_z_extent_mm,n_frag_SA,main_is_lowest_SA,n_frag_LI,main_is_lowest_LI,n_frag_RI,main_is_lowest_RI,dist_SA_LI_mm,dist_SA_RI_mm,dist_LI_RI_mm,seconds,bonecrop_side_px,bonecrop_side_mm,px_mm_bonecrop_256,bone_inside_bonecrop,bonecrop_margin_min_mm,bonecrop_v,split
001,LPS,True,32-bit signed integer,512,512,401,0.78125,0.78125,0.800000011920929,400.0,400.0,320.8000047802925,-1023.0,2775.0,-1023.0,-1023.0,-856.0,508.0,1347.0,0.0,-204.0,-97.0,49.0,173.0,421.0,1124.0,1439.0,0.612326970055504,4.743924371512218e-05,0.023290789882195677,1039.5698397095475,0.0,0.0,0.03857421932480065,704.420420652932,,538,420.3125,1.5625,1.641845703125,296.09375,161.71875,True,71,361,291,232.80000346899033,1,True,2,True,1,True,1.5625,1.5625,3.125,83.56823873519897,491,383.59375,1.4984130859375,True,40.625,3,test
002,RAS,True,32-bit signed integer,413,276,337,0.82421875,0.82421875,0.800000011920929,340.40234375,227.484375,269.60000401735306,-1023.0,4711.0,-1014.0,-1006.0,-105.0,593.0,1173.0,0.0,-17.0,27.0,121.0,252.0,463.0,880.0,1108.0,0.49633513736758883,0.0,0.0004305164665251557,744.7957982931463,0.08478120243521335,0.0,0.1315195576238566,262.26630197936146,60.27455542395295,437,360.18359375,1.3296966552734375,1.4069671630859375,277.76171875,142.58984375,True,38,295,258,206.40000307559967,2,True,1,True,3,True,1.600000023841858,1.600000023841858,3.296875,53.40505933761597,449,370.07421875,1.4456024169921875,True,38.73828125,3,train
003,RAS,True,32-bit signed integer,512,381,285,0.759765625,0.759765625,1.0,389.0,289.470703125,285.0,-1023.0,16709.0,-1023.0,-1006.0,-115.0,627.0,1329.0,0.0,32.0,111.0,262.0,410.0,651.0,1049.0,1206.0,0.22783899751328685,0.0,0.0008669974157686869,757.6763645019531,1.929148796081543,0.0,2.1790953636169434,327.324945098877,47.16637694648395,514,390.51953125,1.51953125,1.5254669189453125,283.392578125,181.583984375,True,45,257,213,213.0,1,True,4,True,1,True,2.148941702199742,1.51953125,3.0390625,34.78572869300842,431,327.458984375,1.2791366577148438,True,14.435546875,3,test
004,RAS,True,32-bit signed integer,386,254,224,0.84375,0.84375,1.0,325.6875,214.3125,224.0,-1418.0,4961.0,-1017.0,-1005.0,-67.0,697.0,1294.0,9.766934087902225e-05,21.0,88.0,205.0,330.0,561.0,1010.0,1212.0,0.34551134452233184,0.0,0.0019352315561615371,598.8927216796875,0.138111328125,0.0,0.2228291015625,200.4543544921875,48.18859434555028,410,345.9375,1.272216796875,1.351318359375,270.0,160.3125,True,21,203,183,183.0,2,True,2,True,2,True,2.386485386504598,1.6875,3.375,26.00893473625183,364,307.125,1.19970703125,True,12.65625,3,val
005,LPS,True,32-bit signed integer,512,512,312,0.896484375,0.896484375,1.0,459.0,459.0,312.0,-1023.0,4695.0,-1021.0,-1012.0,-990.0,301.0,1176.0,0.0,40.0,101.0,226.0,336.0,538.0,983.0,1195.0,0.3065588836581203,0.0,0.0012853936518058655,642.7504850578308,0.04339894866943359,0.0,0.10206789779663086,384.54442152786254,104.15947351466194,534,478.72265625,1.79296875,1.8700103759765625,293.150390625,138.955078125,True,104,296,193,193.0,1,True,2,True,3,True,1.79296875,1.79296875,3.5859375,41.23667788505554,401,359.490234375,1.4042587280273438,True,28.6875,3,train
006,RAS,True,32-bit signed integer,426,279,283,0.8125,0.8125,1.0,346.125,226.6875,283.0,-1023.0,1649.0,-1018.0,-1008.0,-84.0,603.0,1362.0,0.0,37.0,108.0,243.0,375.0,601.0,996.0,1198.0,0.2640251204699039,0.0,0.0018688279965403515,555.65615625,0.0,0.0,0.0,251.07788671875,,450,365.625,1.35205078125,1.42822265625,249.4375,144.625,True,54,241,188,188.0,4,True,1,True,2,True,1.625,1.625,2.576941016011038,21.979851484298706,377,306.3125,1.196533203125,True,21.125,3,val
007,LPS,True,32-bit signed integer,512,512,317,0.8359375,0.8359375,1.0,428.0,428.0,317.0,-1023.0,19380.0,-1023.0,-1016.0,-955.0,351.0,1287.0,0.0,31.0,78.0,175.0,288.0,462.0,822.0,1066.0,0.4166626022360621,0.0,1.8758910482479177e-05,745.0235498046875,5.2786710205078125,0.0,6.045944091796875,460.00186877441405,29.72479975883984,524,438.03125,1.671875,1.7110595703125,272.515625,171.3671875,True,95,293,199,199.0,1,True,3,True,3,True,1.671875,1.671875,3.7384261498824607,47.99424481391907,366,305.953125,1.19512939453125,True,12.5390625,3,train
008,LPS,True,32-bit signed integer,512,512,335,0.7421875,0.7421875,0.800000011920929,380.0,380.0,268.0000039935112,-1024.0,1713.0,-1022.0,-1012.0,-942.0,407.0,1258.0,0.0,-44.0,18.0,139.0,303.0,578.0,1078.0,1290.5500000000466,0.428701362868485,0.0,0.008634733160075122,672.4885427357037,0.0,0.0,0.0,262.57726709629986,,532,394.84375,1.484375,1.5423583984375,268.671875,169.21875,True,43,302,260,208.00000309944153,1,True,3,True,1,True,1.484375,1.484375,2.96875,53.93706822395325,419,310.9765625,1.214752197265625,True,14.1015625,3,train
009,RAS,True,32-bit signed integer,415,245,303,0.8125,0.8125,0.8000000715255737,337.1875,199.0625,242.40002167224884,-1023.0,1613.0,-1016.0,-1008.0,-4.0,515.0,1246.0,0.0,-39.0,7.0,93.0,183.0,346.0,672.0,931.0,0.6196054704207133,0.0,1.718174047349195e-05,860.6521175732887,0.0,0.0,0.0,190.9758264495679,,439,356.6875,1.317138671875,1.393310546875,268.125,160.0625,True,27,286,260,208.00001859664917,1,True,1,True,3,True,1.6000001430511475,1.6000001430511475,3.25,24.08097243309021,390,316.875,1.23779296875,True,17.875,3,test
010,LPS,True,16-bit signed integer,512,512,350,0.9459999799728394,0.9459999799728394,0.7989501953125,484.35198974609375,484.35198974609375,279.632568359375,-2048.0,7573.0,-2048.0,-2048.0,-964.0,351.0,1050.0,0.3005973597935268,-15.0,48.0,185.0,343.0,585.0,1005.0,1252.0,0.3560893192413111,0.0,0.005803974379893876,692.3294256394513,0.24524269597122775,0.0,0.3682215405981991,451.7706506632892,38.184201613400454,474,448.40399050712585,1.8919999599456787,1.7515780879184604,297.04399371147156,169.33399641513824,True,16,290,275,219.7113037109375,1,True,3,True,1,True,1.597900390625,1.8919999599456787,4.10754684113247,36.165549516677856,343,324.4779931306839,1.267492160666734,True,13.243999719619751,3,test
011,LPS,True,16-bit signed integer,512,512,313,0.9760000109672546,0.9760000109672546,0.7989501953125,499.7120056152344,499.7120056152344,250.0714111328125,-2285.0,1677.0,-2048.0,-2048.0,-991.0,300.0,1078.0,0.3301652536605494,8.0,67.0,174.0,302.0,531.0,999.0,1256.0,0.4064632334816322,0.0,0.005936263182335601,824.3605081354871,0.0,0.0,0.0,249.62413655611715,,456,445.0560050010681,1.9520000219345093,1.7385000195354223,292.8000032901764,150.30400168895721,True,29,300,272,217.314453125,1,True,3,True,2,True,1.597900390625,1.597900390625,3.9040000438690186,41.000624656677246,340,331.8400037288666,1.296250014565885,True,18.544000208377838,3,test
012,LPS,True,32-bit signed integer,512,512,265,0.87890625,0.87890625,1.0,450.0,450.0,265.0,-1023.0,1437.0,-1023.0,-1016.0,-947.0,354.0,1015.0,0.0,-9.0,40.0,153.0,271.0,496.0,901.0,1081.0,0.4592655992232828,0.0,3.0531336855292657e-06,759.032793045044,0.0,0.0,0.0,464.52006340026855,,514,451.7578125,1.7578125,1.764678955078125,245.21484375,192.48046875,True,34,240,207,207.0,1,True,3,True,1,True,1.7578125,1.7578125,2.4859222776089562,26.24183416366577,329,289.16015625,1.1295318603515625,True,11.42578125,3,train
013,LPS,True,32-bit signed integer,512,512,375,0.78125,0.78125,0.800000011920929,400.0,400.0,300.00000447034836,-1023.0,16941.0,-1022.0,-1013.0,-985.0,308.0,886.7960000003222,0.0,-102.0,-74.0,18.0,128.0,316.0,698.0,975.0,0.6748032787520389,0.0,5.101256717192785e-05,756.1709097053244,0.9877929834692623,0.0,1.1499023608848802,399.37940048246674,5.8564734547587545,487,380.46875,1.5625,1.4862060546875,293.75,151.5625,True,64,326,263,210.40000313520432,1,True,1,True,3,True,1.5625,1.5625,4.6875,33.06388974189758,433,338.28125,1.3214111328125,True,14.0625,3,train
014,RAS,True,32-bit signed integer,458,329,298,0.7890625,0.7890625,1.0,361.390625,259.6015625,298.0,-1023.0,4420.0,-1013.0,-1007.0,-91.0,563.0,1184.0,0.0,23.0,92.0,211.0,324.0,516.0,885.0,1108.0,0.3374036093415145,0.0,0.00013201688055846075,848.9182044677734,0.07471435546875,0.0,0.107090576171875,365.04935986328127,120.05712548160668,484,381.90625,1.41168212890625,1.4918212890625,285.640625,155.4453125,True,29,249,221,221.0,2,True,1,True,4,True,1.578125,1.578125,3.15625,21.514631509780884,418,329.828125,1.28839111328125,True,14.203125,3,train
015,LPS,True,16-bit signed integer,479,281,260,0.81640625,0.81640625,1.0,391.05859375,229.41015625,260.0,-1023.0,1422.0,-1017.0,-1009.0,-57.0,413.0,1060.0,0.0,-28.0,15.0,87.0,180.0,354.0,735.0,981.0,0.6186698855089043,0.0,6.305567816381865e-06,739.9229206848145,0.0,0.0,0.0,173.74888246154785,,499,407.38671875,1.5275726318359375,1.5913543701171875,297.171875,146.13671875,True,19,231,213,213.0,2,True,3,True,1,True,1.6328125,1.6328125,14.6953125,24.227941274642944,398,324.9296875,1.269256591796875,True,13.87890625,3,train
016,LPS,True,32-bit signed integer,512,512,235,0.78125,0.78125,1.0,400.0,400.0,235.0,-1023.0,3556.0,-1015.0,-1009.0,-945.0,564.0,1358.0,0.0,21.0,64.0,161.0,280.0,478.0,850.0,1060.0,0.4417840678421265,0.0,0.0005305102639913855,927.30224609375,1.251220703125,0.0201416015625,4.2828369140625,802.89306640625,0.0,483,377.34375,1.5625,1.4739990234375,290.625,163.28125,True,16,234,219,219.0,1,True,2,True,3,True,2.209708691207961,2.980404754391591,3.125,35.1593713760376,414,323.4375,1.263427734375,True,14.0625,3,train
017,LPS,True,16-bit signed integer,512,512,280,0.78125,0.78125,1.0,400.0,400.0,280.0,-1023.0,1470.0,-1017.0,-1010.0,-974.0,300.0,991.0,0.0,-33.0,13.0,104.0,234.0,456.0,893.0,1107.0,0.5238821023438704,0.0,1.5712878569892356e-05,621.5045166015625,0.0,0.0,0.0,275.5877685546875,,462,360.9375,1.5625,1.409912109375,264.84375,149.21875,True,35,223,189,189.0,1,True,3,True,1,True,1.5625,2.209708691207961,3.125,43.0268440246582,376,293.75,1.1474609375,True,14.0625,3,train
018,LPS,True,32-bit signed integer,512,512,375,0.78125,0.78125,0.800000011920929,400.0,400.0,300.00000447034836,-1023.0,1646.0,-1023.0,-1015.0,-897.0,433.0,1261.0,0.0,-65.0,-18.0,91.0,232.0,439.0,892.0,1152.0,0.5266234037629756,0.0,0.001152420184326066,957.9873189626232,0.0,0.0,0.0,539.3203205364989,,487,380.46875,1.5625,1.4862060546875,282.03125,167.96875,True,59,323,265,212.00000315904617,1,True,1,True,2,True,1.5625,1.5625,3.125,66.01665234565735,410,320.3125,1.251220703125,True,13.28125,3,train
019,LPS,True,16-bit signed integer,512,512,350,0.6919999718666077,0.6919999718666077,0.800048828125,354.3039855957031,354.3039855957031,280.01708984375,-2048.0,1727.0,-2048.0,-2048.0,-958.0,458.0,1322.0,0.21476634434291295,-8.0,52.0,171.0,306.0,557.0,1046.0,1327.0,0.40871139226685227,0.0,0.01277711810815852,673.6900806823423,0.0,0.0,0.0,276.4933882555866,,536,370.9119849205017,1.3839999437332153,1.4488749410957098,266.41998916864395,147.39599400758743,True,34,300,267,213.613037109375,2,True,1,True,1,True,1.3839999437332153,1.9572714907511135,27.869522780512497,45.981905698776245,455,314.8599871993065,1.229921824997291,True,17.29999929666519,3,test
020,LPS,True,16-bit signed integer,512,512,350,0.7820000052452087,0.7820000052452087,0.7989501953125,400.3840026855469,400.3840026855469,279.632568359375,-2048.0,3321.0,-2048.0,-2048.0,-955.0,473.0,1226.0,0.21513114929199217,32.0,96.0,220.0,356.0,582.0,1061.0,1299.0,0.3081115835045751,0.0,0.009842658597443767,810.0546888599872,0.004885772257924744,0.0,0.017100202902736603,407.13237940732046,,492,384.7440025806427,1.5640000104904175,1.5029062600806355,290.12200194597244,149.36200100183487,True,20,285,266,212.520751953125,2,True,2,True,1,True,2.2118300263872115,1.5640000104904175,6.25600004196167,41.96110248565674,419,327.65800219774246,1.2799140710849315,True,18.76800012588501,3,val
021,LPS,True,16-bit signed integer,512,512,350,0.7820000052452087,0.7820000052452087,0.7989501953125,400.3840026855469,400.3840026855469,279.632568359375,-2048.0,1677.0,-2048.0,-2048.0,-136.0,466.0,1288.0,0.21539632524762836,-38.0,13.0,115.0,246.0,476.0,956.0,1243.0,0.5049379290803586,0.0,0.005825806455075122,910.4309255901478,0.0,0.0,0.0,469.7284049986265,,538,420.7160028219223,1.5640000104904175,1.643421886023134,299.50600200891495,154.05400103330612,True,32,318,287,229.2987060546875,1,True,3,True,3,True,1.5640000104904175,1.5640000104904175,3.128000020980835,36.1320424079895,444,347.2080023288727,1.356281259097159,True,20.332000136375427,3,val
022,LPS,True,32-bit signed integer,512,512,341,0.84765625,0.84765625,1.0,434.0,434.0,341.0,-1023.0,5327.0,-1023.0,-1023.0,-934.0,495.0,1346.0,0.0,-46.0,40.0,173.0,308.0,599.0,1260.0,1559.0,0.39966437040517383,0.0,0.04262478580509646,831.9209951171875,0.015807464599609376,0.0,0.0287408447265625,832.0230251159668,115.37420144843162,536,454.34375,1.6953125,1.7747802734375,272.9453125,161.90234375,True,41,258,218,218.0,1,True,1,True,1,True,1.6953125,3.1222057820253455,20.624366704292402,23.750537633895874,471,399.24609375,1.5595550537109375,True,56.79296875,3,val
023,RAS,True,32-bit signed integer,395,394,325,0.77734375,0.77734375,0.800000011920929,307.05078125,306.2734375,260.0000038743019,-1023.0,1624.0,-1018.0,-1012.0,-121.0,464.0,1115.0,0.0,21.0,63.0,143.0,245.0,406.0,745.0,985.0,0.5080869256250814,0.0,1.3776215707985555e-05,842.165648938406,0.0,0.0,0.0,200.2451279106427,,421,327.26171875,1.1994171142578125,1.2783660888671875,268.18359375,158.578125,True,37,305,269,215.2000032067299,1,True,2,True,2,True,1.5546875,1.5546875,3.109375,24.907835245132446,390,303.1640625,1.184234619140625,True,17.1015625,3,test
024,LPS,True,16-bit signed integer,512,512,350,0.781000018119812,0.781000018119812,0.7989501953125,399.87200927734375,399.87200927734375,279.632568359375,-2048.0,5237.0,-2048.0,-2048.0,-927.0,306.0,1230.0,0.21846097673688616,-31.0,8.0,90.0,199.0,370.0,778.0,1108.0,0.5939863298499821,0.0,0.002371161888010404,782.4263467644,0.09892768198724992,0.0,0.1213447921912573,248.25682496883155,93.82614218346846,538,420.17800974845886,1.562000036239624,1.6413203505799174,258.5110059976578,155.4190036058426,True,20,299,280,223.7060546875,2,True,4,True,3,True,1.562000036239624,2.2345312196458824,4.686000108718872,37.19989585876465,446,348.32600808143616,1.36064846906811,True,42.95500099658966,3,train
025,RAS,True,32-bit signed integer,467,355,257,0.77734375,0.77734375,1.0,363.01953125,275.95703125,257.0,-1023.0,12939.0,-1021.0,-1010.0,-113.0,397.0,1252.1080000002403,0.0,-70.0,-33.0,45.0,140.0,297.0,666.0,934.0,0.6889576014223313,0.0,8.349571131539325e-05,665.8093361358642,2.9463878784179687,0.0,3.3240524444580077,256.96780484008787,31.073475055918372,493,383.23046875,1.4180450439453125,1.4969940185546875,268.18359375,144.5859375,True,33,229,197,197.0,1,True,3,True,4,True,1.5546875,1.5546875,2.5331903249965744,29.23399066925049,416,323.375,1.26318359375,True,22.54296875,3,train
026,LPS,True,32-bit signed integer,512,512,279,0.814453125,0.814453125,1.0,417.0,417.0,279.0,-1023.0,1913.0,-1018.0,-1011.0,-974.0,233.0,813.0,0.0,-67.0,-37.0,27.0,114.0,270.0,610.0,856.0,0.724315470807676,0.0,2.5354498141515287e-06,784.8712553329468,0.0,0.0,0.0,225.24364664840698,,484,394.1953125,1.62890625,1.539825439453125,283.4296875,163.705078125,True,39,252,214,214.0,1,True,3,True,1,True,1.62890625,1.62890625,3.2578125,41.429136991500854,391,318.451171875,1.2439498901367188,True,16.2890625,3,train
027,LPS,True,32-bit signed integer,512,512,313,0.8309999704360962,0.8309999704360962,0.7999998927116394,425.47198486328125,425.47198486328125,250.39996641874313,-1024.0,10827.0,-1024.0,-1024.0,-999.0,269.0,1026.755000000121,0.0,-103.0,-64.0,15.0,113.0,288.0,654.0,951.0,0.7051057813986407,0.0,9.707144281697797e-05,626.0271173765466,21.810121698387277,0.0,23.232677066389183,310.12259471128147,8.904835334799708,473,393.0629860162735,1.6619999408721924,1.5354022891260684,274.22999024391174,145.42499482631683,True,36,280,245,195.99997371435165,1,True,1,True,3,True,1.5999997854232788,1.5999997854232788,3.3239998817443848,37.6570839881897,364,302.483989238739,1.1815780829638243,True,13.295999526977539,3,val
028,RAS,True,32-bit signed integer,445,241,304,0.83203125,0.83203125,1.0,370.25390625,200.51953125,304.0,-1023.0,1658.0,-1023.0,-1014.0,8.0,541.0,1307.0,0.0,-29.0,22.0,121.0,234.0,409.0,819.0,1089.0,0.5290827749771252,0.0,0.00015678493006479613,834.5200277252197,0.0,0.0,0.0,283.26549407958987,,461,383.56640625,1.4463043212890625,1.4983062744140625,294.5390625,149.765625,True,52,262,211,211.0,2,True,2,True,3,True,1.6640625,1.6640625,2.0,22.015955448150635,389,323.66015625,1.2642974853515625,True,14.14453125,3,train
029,LPS,True,32-bit signed integer,512,512,379,0.783203125,0.783203125,0.7999998927116394,401.0,401.0,303.19995933771133,-1023.0,9989.0,-1023.0,-1023.0,-923.0,479.0,1194.0,0.0,-157.0,-64.0,67.0,184.0,408.0,1001.0,1317.0,0.6040420465764562,1.1615076369127127e-05,0.01118764155874325,633.7353624734428,0.2129749287132231,0.0,0.2527237057311288,788.7344916406605,65.5186532793221,504,394.734375,1.56640625,1.54193115234375,270.205078125,154.291015625,True,78,333,256,204.7999725341797,2,True,1,True,2,True,1.56640625,2.215232962935981,3.1328125,26.486661434173584,461,361.056640625,1.4103775024414062,True,41.509765625,3,train
030,LPS,True,16-bit signed integer,512,512,285,0.771484375,0.771484375,1.0,395.0,395.0,285.0,-1023.0,1664.0,-1017.7829999999999,-1011.0,-941.0,457.0,1120.0,0.0,16.0,59.0,153.0,271.0,471.0,846.0,1053.0,0.4589492273730684,0.0,0.0001248817407757805,943.6707973480225,0.0,0.0,0.0,595.8749879837036,,538,415.05859375,1.54296875,1.6213226318359375,303.96484375,162.783203125,True,26,247,222,222.0,1,True,2,True,3,True,2.1820873325678614,2.959983974104104,2.1820873325678614,30.658471822738647,486,374.94140625,1.4646148681640625,True,29.31640625,3,train
031,LPS,True,32-bit signed integer,512,512,312,0.78125,0.78125,1.0,400.0,400.0,312.0,-1023.0,3205.0,-1017.0,-1010.0,-964.0,394.0,1186.0,0.0,22.0,76.0,190.0,293.0,494.0,931.0,1132.0,0.39823790354019706,0.0,6.073364602953789e-05,743.6737060546875,0.001220703125,0.0,0.0067138671875,536.1822509765625,,491,383.59375,1.5625,1.4984130859375,254.6875,157.8125,True,49,272,224,224.0,2,True,2,True,4,True,1.5625,1.5625,3.125,23.038870096206665,406,317.1875,1.239013671875,True,26.5625,3,train
032,LPS,True,16-bit signed integer,512,512,350,0.7820000052452087,0.7820000052452087,0.7989501953125,400.3840026855469,400.3840026855469,279.632568359375,-2048.0,5754.0,-2048.0,-2048.0,-921.0,295.0,1212.0,0.21526143755231586,-72.0,-14.0,87.0,240.0,496.0,1001.0,1277.0,0.5119065889093514,0.0,0.007904374149905512,649.4481174658076,0.19689662199436717,0.0,0.26676316528269095,236.03849786150545,25.101535386856533,500,391.00000262260437,1.5640000104904175,1.5273437602445483,272.13600182533264,151.7080010175705,True,62,305,244,194.94384765625,1,True,2,True,3,True,1.5640000104904175,1.5640000104904175,3.128000020980835,23.828404188156128,397,310.45400208234787,1.2127109456341714,True,14.076000094413757,3,val
033,RAS,True,32-bit signed integer,403,263,365,0.798828125,0.798828125,0.800000011920929,321.927734375,210.091796875,292.00000435113907,-1023.0,1979.0,-1022.0,-1017.0,-18.0,694.0,1523.0,0.0,-81.0,-11.0,97.0,203.0,423.0,982.0,1296.0,0.5795967827249384,0.0,0.009696278035483206,955.4773534894308,0.0,0.0,0.0,266.8246342006062,,429,342.697265625,1.2575302124023438,1.3386611938476562,273.998046875,156.5703125,True,64,341,278,222.40000331401825,2,True,1,True,2,True,2.25942713676014,1.59765625,3.1953125,20.65621852874756,410,327.51953125,1.2793731689453125,True,19.970703125,3,train
034,LPS,True,16-bit signed integer,512,512,363,0.8500000238418579,0.8500000238418579,0.7999999523162842,435.20001220703125,435.20001220703125,290.39998269081116,-1024.0,2905.0,-1024.0,-1024.0,-1001.0,226.0,720.0,0.0,-98.0,-60.0,17.0,112.0,246.0,553.0,793.2199999999721,0.7540284609267507,0.0,9.391054718832684e-05,670.872459647815,0.0,0.0,0.0069359999756812875,338.82417681202884,,408,346.800009727478,1.7000000476837158,1.354687537997961,283.0500079393387,159.8000044822693,True,37,308,272,217.5999870300293,1,True,3,True,1,True,1.5999999046325684,1.5999999046325684,2.334523475347563,21.516448974609375,371,315.3500088453293,1.2318359720520675,True,13.600000381469727,3,train
035,RAS,True,16-bit signed integer,512,279,373,0.8080000281333923,0.8080000281333923,0.800000011920929,413.6960144042969,225.43200784921646,298.4000044465065,-2048.0,3549.0,-2048.0,-2048.0,-404.0,491.0,1273.0,0.05484650213324108,32.0,81.0,170.0,264.0,409.0,811.0,1141.0,0.46633227955479256,0.0,0.0021977049800834736,932.7881366610917,0.0015668737324607887,0.0,0.7709018763707081,272.2014831330414,,510,412.0800143480301,1.6160000562667847,1.6096875560469925,273.91200953722,157.5600054860115,True,27,321,295,236.00000351667404,1,True,2,True,1,True,1.6160000562667847,1.6160000562667847,1.600000023841858,38.93626523017883,402,324.8160113096237,1.2688125441782176,True,13.73600047826767,3,val
036,RAS,True,32-bit signed integer,512,326,307,0.78125,0.78125,1.0,400.0,254.6875,307.0,-1023.0,4150.0,-1016.0,-1010.0,-871.0,502.0,1298.0,0.0,-25.0,19.0,120.0,254.0,455.0,925.0,1161.0,0.4921046843444803,0.0,0.0003663437890088294,854.68994140625,0.05859375,0.0,0.087890625,386.0992431640625,91.3146389208762,462,360.9375,1.5625,1.409912109375,282.03125,146.875,True,49,264,216,216.0,1,True,4,True,1,True,1.5625,1.5625,3.125,37.832367181777954,431,336.71875,1.3153076171875,True,24.21875,3,train
037,LPS,True,32-bit signed integer,512,512,333,0.78125,0.78125,1.0060241222381592,400.0,400.0,335.006032705307,-1023.0,12340.0,-1020.0,-1012.0,-963.0,416.0,1300.0,0.0,32.0,110.0,241.0,369.0,605.0,1040.0,1188.0,0.2690304855021498,0.0,0.0006496228722685524,708.9056063903263,0.7675354936509393,0.0,0.8792886615265161,473.02230028275517,20.379981374829935,478,373.4375,1.5625,1.458740234375,267.1875,167.1875,True,80,302,223,224.3433792591095,2,True,2,True,2,True,1.5625,1.5625,3.125,60.22583270072937,400,312.5,1.220703125,True,14.0625,3,train
038,LPS,True,16-bit signed integer,512,512,350,0.7820000052452087,0.7820000052452087,0.801025390625,400.3840026855469,400.3840026855469,280.35888671875,-2048.0,1736.0,-2048.0,-2048.0,-911.0,462.0,1201.0,0.2148795645577567,43.0,105.0,233.0,398.0,638.0,1086.0,1308.0,0.2767284458487805,0.0,0.010881330625642994,694.209136504198,0.0,0.0,0.0,354.9489662204692,,538,420.7160028219223,1.5640000104904175,1.643421886023134,276.8280018568039,142.324000954628,True,39,293,255,204.261474609375,2,True,1,True,3,True,1.5640000104904175,1.5640000104904175,3.128000020980835,58.52755403518677,422,330.0040022134781,1.2890781336463988,True,21.896000146865845,3,train
039,LPS,True,16-bit signed integer,322,154,392,1.2200000286102295,1.2200000286102295,0.800000011920929,392.8400092124939,187.88000440597534,313.60000467300415,-1072.0,1829.0,-1021.0,-1003.0,-68.0,526.0,1262.0,0.0005274070586530975,-2.0,42.0,133.0,248.0,425.0,839.0,1097.0,0.5028792889562614,0.0,0.00039525457651506853,804.3480797912645,0.0,0.0,0.0,239.80625994078807,,338,412.36000967025757,1.5345312859863043,1.6107812877744436,306.2200071811676,151.28000354766846,True,68,332,265,212.00000315904617,3,True,2,True,4,True,1.600000023841858,1.600000023841858,4.880000114440918,17.06296443939209,278,339.1600079536438,1.324843781068921,True,13.420000314712524,3,train
040,LPS,True,16-bit signed integer,512,512,350,0.7820000052452087,0.7820000052452087,0.801025390625,400.3840026855469,400.3840026855469,280.35888671875,-2048.0,1753.0,-2048.0,-2048.0,-953.0,433.0,1157.0,0.21493362426757812,5.0,74.0,214.0,358.0,592.0,1012.0,1260.0,0.31690685331788176,0.0,0.006748806472597749,551.1926434580332,0.0,0.0,0.0,455.7754909503012,,536,419.1520028114319,1.5640000104904175,1.6373125109821558,258.0600017309189,150.14400100708008,True,20,267,248,198.654296875,2,True,2,True,2,True,1.5640000104904175,1.5640000104904175,1.5640000104904175,39.45541286468506,464,362.84800243377686,1.4173750095069408,True,29.716000199317932,3,train
041,RAS,True,16-bit signed integer,512,331,374,0.7820000052452087,0.7820000052452087,0.800000011920929,400.3840026855469,258.8420017361641,299.20000445842743,-2076.0,1655.0,-2052.0,-2048.0,-71.0,487.0,1359.0,0.07792076390515695,5.0,70.0,175.0,283.0,453.0,813.0,1065.0,0.4318339881623654,0.0,0.0006514079830380364,810.3485764562439,0.0,0.0,0.0,284.0597551122408,,528,412.8960027694702,1.5640000104904175,1.612875010818243,279.95600187778473,172.04000115394592,True,84,347,264,211.20000314712524,2,True,4,True,1,True,1.5640000104904175,1.5640000104904175,4.692000031471252,26.561466693878174,467,365.1940024495125,1.4265390720684081,True,29.716000199317932,3,train
042,LPS,True,16-bit signed integer,512,512,350,0.8500000238418579,0.8500000238418579,0.7989501953125,435.20001220703125,435.20001220703125,279.632568359375,-2048.0,1739.0,-2048.0,-2048.0,-970.0,403.0,1336.0,0.23918284824916294,24.0,94.0,215.0,378.0,628.0,1129.0,1368.0,0.3075320038004154,0.0,0.01917739839975256,753.97732512322,0.0,0.0,0.0,363.7452983352483,,447,379.9500106573105,1.7000000476837158,1.484179729130119,260.1000072956085,153.00000429153442,True,62,323,262,209.324951171875,1,True,1,True,3,True,1.597900390625,1.597900390625,3.4000000953674316,53.882344007492065,374,317.90000891685486,1.2417969098314643,True,21.250000596046448,3,train
043,LPS,True,32-bit signed integer,512,512,274,0.86328125,0.86328125,1.0,442.0,442.0,274.0,-1023.0,1470.0,-1023.0,-1018.0,-967.0,344.0,955.0,0.0,-29.0,40.0,154.0,257.0,418.0,781.0,1033.0,0.48344940890746096,0.0,3.571556127004536e-06,834.6552484130859,0.0,0.0,0.0,451.7747784729004,,465,401.42578125,1.7265625,1.5680694580078125,297.83203125,152.80078125,True,36,264,229,229.0,1,True,2,True,2,True,1.7265625,2.441728103784797,8.6328125,51.53529167175293,381,328.91015625,1.2848052978515625,True,13.8125,3,train
044,RAS,True,16-bit signed integer,370,183,409,0.8730469942092896,0.8730469942092896,0.625,323.02738785743713,159.7675999403,255.625,-1024.0,2687.0,-1022.0,-1007.0,17.0,784.0,1380.0,0.0,21.0,94.0,224.0,358.0,568.0,967.0,1232.0,0.3025573272889513,0.0,0.0051283730840437705,770.9059766974967,0.0,0.0,0.009051256267412268,330.27748290642086,,392,342.2344217300415,1.2618257338181138,1.3368532098829746,274.1367561817169,153.65627098083496,True,22,368,347,216.875,1,True,1,True,2,True,1.25,1.746093988418579,4.0996001124448105,30.80873727798462,356,310.8047299385071,1.2140809763222933,True,18.33398687839508,3,train
045,RAS,True,32-bit signed integer,407,248,274,0.859375,0.859375,1.0,349.765625,213.125,274.0,-1023.0,1546.0,-1020.0,-1011.0,-33.0,574.0,1164.0,0.0,-77.0,-27.0,76.0,211.0,424.0,828.0,1081.0,0.5526617071561701,0.0,0.0001537170709212136,922.453662109375,0.0,0.0,0.0,240.47642211914064,,429,368.671875,1.36627197265625,1.44012451171875,269.84375,169.296875,True,20,250,231,231.0,2,True,3,True,2,True,1.71875,1.71875,3.4375,33.58982872962952,365,313.671875,1.22528076171875,True,12.890625,3,train
046,LPS,True,32-bit signed integer,512,512,275,0.78125,0.78125,1.0,400.0,400.0,275.0,-1023.0,11480.0,-1018.0,-1011.0,-957.0,439.0,1131.0,0.0,-20.0,43.0,154.0,285.0,533.0,994.0,1157.0,0.4409461080784184,0.0,0.000411945024900811,795.63720703125,0.2508544921875,0.0,0.306396484375,493.270263671875,43.5363084821164,475,371.09375,1.5625,1.4495849609375,258.59375,165.625,True,24,237,214,214.0,1,True,1,True,4,True,1.5625,1.5625,3.125,64.91718816757202,396,309.375,1.20849609375,True,14.0625,3,train
047,LPS,True,16-bit signed integer,512,512,193,0.7480469942092896,0.7480469942092896,1.2500052452087402,383.00006103515625,383.00006103515625,241.25101232528687,-1024.0,1633.0,-1024.0,-1024.0,-908.0,507.0,1310.0,0.0,-54.0,18.0,157.0,323.0,603.0,1079.0,1297.0,0.39896501974537446,0.0,0.009566914171190984,767.4726703754559,0.0,0.0,0.0,397.8911763762718,,533,398.70904791355133,1.496093988418579,1.5574572184123099,283.50981080532074,150.3574458360672,True,13,177,165,206.25086545944214,1,True,3,True,1,True,1.496093988418579,1.496093988418579,22.441409826278687,47.64023447036743,434,324.65239548683167,1.2681734198704362,True,15.70898687839508,3,train
048,LPS,True,32-bit signed integer,512,512,414,0.8828125,0.8828125,0.800000011920929,452.0,452.0,331.2000049352646,-1023.0,2413.0,-1023.0,-1023.0,-927.0,491.0,1280.0,0.0,-191.0,-92.0,51.0,225.0,564.0,1249.0,1578.0,0.526264355997809,2.8206999339410273e-05,0.041751818441554185,685.2227075738951,0.0,0.0,0.0,987.6397676466667,,493,435.2265625,1.765625,1.700103759765625,283.3828125,134.1875,True,27,297,271,216.80000323057175,1,True,1,True,2,True,1.765625,2.3827361828198574,3.53125,99.85834336280823,391,345.1796875,1.348358154296875,True,13.2421875,3,train
049,LPS,True,32-bit signed integer,512,512,350,0.767578125,0.767578125,0.79998779296875,393.0,393.0,279.9957275390625,-1023.0,1609.0,-1023.0,-1015.0,-958.0,425.0,1183.1030000001192,0.0,-47.0,16.0,130.0,276.0,504.0,976.0,1204.0,0.45891085579069363,0.0,0.0020780536027854017,780.0168220287426,0.0,0.0,0.0,398.03711011682475,,512,393.0,1.53515625,1.53515625,260.208984375,169.634765625,True,22,302,281,224.79656982421875,1,True,6,True,1,True,1.53515625,1.53515625,3.0703125,100.78099060058594,437,335.431640625,1.3102798461914062,True,30.703125,3,train
050,RAS,True,32-bit signed integer,512,345,326,0.68359375,0.68359375,0.8000000715255737,350.0,235.83984375,260.80002331733704,-1023.0,6916.0,-1019.0,-1011.0,-71.0,612.0,1266.0,0.0,2.0,56.0,155.0,270.0,478.0,929.0,1192.0,0.4627412094722422,0.0,0.0019266314393198078,859.5898443093688,0.10916138671291264,0.0,0.14542390216206513,265.8827447190333,64.14105746823418,535,365.72265625,1.3671875,1.4286041259765625,293.9453125,164.74609375,True,24,299,276,220.80001974105835,1,True,1,True,3,True,1.3671875,1.3671875,2.734375,61.29447913169861,472,322.65625,1.2603759765625,True,13.671875,3,train
051,LPS,True,16-bit signed integer,512,512,350,0.8579999804496765,0.8579999804496765,0.800048828125,439.2959899902344,439.2959899902344,280.01708984375,-3376.0,9741.0,-2048.0,-2048.0,-975.0,355.0,1061.0,0.21723147800990514,-40.0,52.0,171.0,286.0,473.0,900.0,1191.0,0.4290068454595629,0.0,0.0033506506344337873,857.9672487107309,0.7627124186744004,0.0,0.9370466857999776,362.75780566391813,71.89435575715606,463,397.2539909482002,1.715999960899353,1.5517734021414071,268.55399388074875,157.0139964222908,True,30,298,269,215.213134765625,1,True,1,True,4,True,1.715999960899353,1.60009765625,3.431999921798706,59.307573318481445,368,315.74399280548096,1.23337497189641,True,18.017999589443207,3,test
052,LPS,True,16-bit signed integer,512,512,350,0.8659999966621399,0.8659999966621399,0.7989501953125,443.3919982910156,443.3919982910156,279.632568359375,-2048.0,1703.0,-2048.0,-2048.0,-953.0,340.0,894.1030000001192,0.217620849609375,24.0,80.0,176.0,283.0,454.0,813.0,1048.0,0.42625323500257584,0.0,0.0002910307788939267,689.7018221300376,0.0,0.0,0.0,383.96312036416583,,536,464.175998210907,1.7319999933242798,1.8131874930113554,258.0679990053177,144.62199944257736,True,33,287,255,203.7322998046875,2,True,2,True,3,True,1.7319999933242798,1.7319999933242798,3.4639999866485596,72.50552701950073,358,310.0279988050461,1.2110468703322113,True,24.247999906539917,3,val
053,LPS,True,32-bit signed integer,512,512,255,0.78125,0.78125,1.0,400.0,400.0,255.0,-1023.0,1462.0,-1020.0,-1012.0,-987.0,415.0,992.0,0.0,24.0,94.0,210.0,309.0,493.0,883.0,1084.0,0.35371765471331346,0.0,1.041651642844895e-05,761.729736328125,0.0,0.0,0.0,420.1116943359375,,478,373.4375,1.5625,1.458740234375,267.1875,160.9375,True,15,211,197,197.0,2,True,1,True,3,True,2.209708691207961,2.209708691207961,4.6875,60.99927520751953,391,305.46875,1.1932373046875,True,14.84375,3,train
054,LPS,True,32-bit signed integer,512,512,301,0.833984375,0.833984375,1.0,427.0,427.0,301.0,-1023.0,9015.0,-1023.0,-1020.0,-941.0,368.0,1007.0,0.0,59.0,113.0,210.0,304.0,479.0,859.0,1080.0,0.3595633015229473,0.0,0.00016797563589753868,728.756098400116,0.20448580169677735,0.0,0.23926229858398437,503.2409490356445,38.543003390389316,536,447.015625,1.66796875,1.74615478515625,296.064453125,156.7890625,True,42,279,238,238.0,1,True,2,True,4,True,1.66796875,1.66796875,2.604250324177106,70.02391266822815,436,363.6171875,1.420379638671875,True,29.189453125,3,train
055,LPS,True,32-bit signed integer,512,512,241,0.828125,0.828125,1.0,424.0,424.0,241.0,-1023.0,23354.0,-1018.0,-1012.0,-989.0,352.0,982.0,0.0,-5.0,42.0,148.0,273.0,491.0,903.0,1105.0,0.4580278274626723,0.0,2.595264369200233e-05,660.6176848144531,0.144701904296875,0.0,0.15498876953125,362.0942272949219,49.29443585487108,442,366.03125,1.65625,1.4298095703125,256.71875,153.203125,True,12,214,203,203.0,1,True,1,True,4,True,1.65625,1.65625,3.3125,59.5961709022522,355,293.984375,1.14837646484375,True,16.5625,3,train
056,RAS,True,32-bit signed integer,512,304,285,0.77734375,0.77734375,1.0,398.0,236.3125,285.0,-1023.0,1707.0,-1022.0,-1012.0,-809.0,358.0,864.0,0.0,-53.0,8.0,110.0,214.0,361.0,661.0,885.0,0.5732419493891943,0.0,6.440672663853013e-06,656.7393439178467,0.0,0.0,0.0,183.67187438964845,,538,418.2109375,1.5546875,1.633636474609375,267.40625,160.91015625,True,27,223,197,197.0,1,True,1,True,4,True,2.198660147751921,1.5546875,3.109375,38.94638776779175,404,314.046875,1.22674560546875,True,15.546875,3,test
057,RAS,True,32-bit signed integer,429,318,341,0.970703125,0.970703125,1.0,416.431640625,308.68359375,341.0,-1023.0,16749.0,-1023.0,-1016.0,-116.0,481.0,1282.0,0.0,22.0,62.0,162.0,285.0,499.0,925.0,1148.0,0.43332609180408826,0.0,0.0003971675731338627,984.5712932243347,2.039060501098633,0.0,2.2897028732299805,384.9687805671692,49.47402688833659,422,409.63671875,1.6266860961914062,1.6001434326171875,300.91796875,162.107421875,True,38,295,258,258.0,2,True,4,True,1,True,1.94140625,1.94140625,3.8828125,42.15628266334534,354,343.62890625,1.3423004150390625,True,13.58984375,3,train
058,RAS,True,32-bit signed integer,437,287,311,0.94140625,0.94140625,1.0,411.39453125,270.18359375,311.0,-1023.0,3873.0,-1013.0,-1006.0,-113.0,507.0,1265.0,0.0,39.0,98.0,216.0,333.0,535.0,925.0,1111.0,0.3272593436202275,0.0,3.7878261791818548e-06,701.9163649139405,0.0212698974609375,0.0,0.08330709838867187,330.24351794433596,59.60208425269728,443,417.04296875,1.6070098876953125,1.6290740966796875,295.6015625,159.09765625,True,67,291,225,225.0,2,True,3,True,1,True,1.8828125,1.8828125,3.765625,29.72498893737793,345,324.78515625,1.2686920166015625,True,13.1796875,3,val
059,LPS,True,16-bit signed integer,512,512,332,0.873046875,0.873046875,0.7999801635742188,447.0,447.0,265.5934143066406,-1023.0,1599.0,-1023.0,-1017.0,-990.0,367.0,928.0,0.0,-26.0,49.0,171.0,282.0,448.0,824.0,1097.0,0.4303818122880692,0.0,0.00022945887769113379,837.0666345823709,0.0,0.0,0.0,508.8448312812181,,460,401.6015625,1.74609375,1.568756103515625,290.724609375,151.037109375,True,21,285,265,211.99474334716797,1,True,2,True,2,True,1.5999603271484375,1.74609375,4.219489301727669,52.076048135757446,388,338.7421875,1.323211669921875,True,17.4609375,3,train
060,RAS,True,16-bit signed integer,418,266,333,0.8579999804496765,0.8579999804496765,0.800000011920929,358.6439918279648,228.22799479961395,266.40000396966934,-2048.0,2352.0,-1014.0,-998.0,-50.0,599.0,1352.0,0.00038411257247822345,-38.0,14.0,111.0,242.0,449.0,867.0,1141.1399999998976,0.5116673067812504,0.0,0.0020769606189810544,906.2396466594053,0.0,0.0,0.0,267.60502869156926,,442,379.235991358757,1.4009530930779874,1.4813905912451446,282.2819935679436,157.87199640274048,True,34,317,284,227.20000338554382,2,True,1,True,3,True,1.715999960899353,1.715999960899353,7.048013473965501,29.672374725341797,380,326.0399925708771,1.2735937209799886,True,19.73399955034256,3,train
061,LPS,True,16-bit signed integer,512,512,350,0.7850000262260437,0.7850000262260437,0.7989501953125,401.9200134277344,401.9200134277344,279.632568359375,-2048.0,1620.0,-2048.0,-2048.0,-982.0,451.0,1060.0,0.21485943385532924,30.0,114.0,239.0,372.0,586.0,985.0,1236.0,0.27238102909784595,0.0,0.004362296924716143,672.3128729203808,0.0,0.0,0.0,456.1865118858783,,485,380.7250127196312,1.5700000524520874,1.4872070809360594,237.85500794649124,160.14000535011292,True,24,286,263,210.1239013671875,1,True,1,True,3,True,2.2203153671042126,1.5700000524520874,4.480261520518232,42.68262791633606,374,293.59000980854034,1.1468359758146107,True,23.55000078678131,3,val
062,RAS,True,32-bit signed integer,511,280,303,0.783203125,0.783203125,1.0,400.216796875,219.296875,303.0,-1023.0,2539.0,-1023.0,-1014.0,-92.0,639.0,1349.0,0.0,2.0,53.0,160.0,293.0,521.0,989.0,1227.0,0.42640338544011414,0.0,0.003496949086803848,885.65562374115,0.0,0.0,0.0006134071350097656,353.5292279701233,,480,375.9375,1.5633468627929688,1.468505859375,270.98828125,148.80859375,True,17,244,228,228.0,2,True,2,True,1,True,2.215232962935981,1.56640625,3.716788151099851,30.707504272460938,403,315.630859375,1.2329330444335938,True,18.013671875,3,train
063,RAS,True,32-bit signed integer,512,240,271,0.806640625,0.806640625,1.0,413.0,193.59375,271.0,-1166.0,1530.0,-1012.0,-1001.0,-19.0,617.0,1071.0,3.4834332718327186e-05,44.0,110.0,210.0,319.0,492.0,837.0,1011.0,0.3426417166574647,0.0,0.0,874.4433100357056,0.0,0.0,0.0,314.56597537994384,,536,432.359375,1.61328125,1.68890380859375,306.5234375,171.0078125,True,25,241,217,217.0,3,True,1,True,1,True,1.61328125,1.61328125,27.42578125,23.320289373397827,444,358.1484375,1.399017333984375,True,18.552734375,3,val
064,LPS,True,16-bit signed integer,512,512,350,0.7820000052452087,0.7820000052452087,0.801025390625,400.3840026855469,400.3840026855469,280.35888671875,-2048.0,1791.0,-2048.0,-2048.0,-917.0,456.0,1111.0,0.21596450805664064,-4.0,56.0,181.0,310.0,517.0,899.0,1118.0,0.39112937538140613,0.0,0.00038474910468336304,805.9087786128182,0.0,0.0,0.0,440.2674482825961,,517,404.2940027117729,1.5640000104904175,1.579273448092863,290.90400195121765,161.092001080513,True,36,295,260,208.2666015625,3,True,1,True,3,True,1.5640000104904175,1.5640000104904175,3.128000020980835,52.66063165664673,428,334.69600224494934,1.3074062587693334,True,14.076000094413757,3,train
065,LPS,True,16-bit signed integer,512,512,350,0.7820000052452087,0.7820000052452087,0.7989501953125,400.3840026855469,400.3840026855469,279.632568359375,-2602.0,11341.0,-2048.0,-2048.0,-924.0,420.0,1071.0,0.21578859601702008,-24.0,50.0,205.0,335.0,516.0,892.0,1157.0,0.3420113593616717,0.0,0.0018106631769125212,737.7242506219919,0.831069861072999,0.0,0.9478398180374003,373.0463006726827,79.3302929105084,537,419.9340028166771,1.5640000104904175,1.640367198502645,281.52000188827515,183.77000123262405,True,42,302,261,208.5260009765625,1,True,2,True,1,True,3.128000020980835,2.2118300263872115,6.456843050855731,49.219743967056274,470,367.5400024652481,1.4357031346298754,True,22.678000152111053,3,train
066,LPS,True,16-bit signed integer,512,512,254,0.783203125,0.783203125,1.0,401.0,401.0,254.0,-1023.0,1479.0,-1022.0,-1014.0,-777.0,371.0,1017.0,0.0,-23.0,8.0,67.0,153.0,324.0,711.0,982.0,0.6632461093073624,0.0,3.360442771939631e-06,1095.2255580101014,0.0,0.0,0.0,366.81746673583984,,538,421.36328125,1.56640625,1.6459503173828125,317.98046875,171.521484375,True,35,240,206,206.0,2,True,4,True,1,True,1.56640625,1.56640625,2.215232962935981,44.406169176101685,447,350.091796875,1.3675460815429688,True,12.53125,3,val
067,RAS,True,16-bit signed integer,512,231,369,0.9039999842643738,0.9039999842643738,0.7999989986419678,462.8479919433594,208.82399636507034,295.1996304988861,-2048.0,3156.0,-2048.0,-2048.0,-719.0,430.9299999999348,1298.0,0.07195221395869261,-28.0,18.0,103.0,208.0,394.0,817.0,1143.0,0.5689520621567367,0.0,0.002733836254497087,799.2087613503513,0.0013075439178284265,0.0,0.012421667219370052,211.30040466499153,,402,363.40799367427826,1.8079999685287476,1.4195624752901495,273.0079952478409,151.8719973564148,True,55,305,251,200.7997486591339,2,True,1,True,2,True,1.8079999685287476,1.8079999685287476,3.615999937057495,29.05240273475647,350,316.3999944925308,1.2359374784864485,True,20.791999638080597,3,train
068,LPS,True,16-bit signed integer,512,512,350,0.8119999766349792,0.8119999766349792,0.7989501953125,415.7439880371094,415.7439880371094,279.632568359375,-6211.0,30445.0,-2048.0,-2048.0,-887.0,502.0,1281.1030000001192,0.21643050057547433,22.0,87.0,205.0,354.0,589.0,1037.0,1262.0,0.3343925534845385,0.0,0.006048279533950392,967.6402943399761,3.629534782236042,0.0,4.020934541771801,468.86425137862904,42.45474762892723,534,433.6079875230789,1.6239999532699585,1.693781201262027,305.3119912147522,166.45999521017075,True,30,320,291,232.4945068359375,3,True,1,True,3,True,1.6239999532699585,1.6239999532699585,12.991999626159668,60.62427830696106,439,356.4679897427559,1.3924530849326402,True,23.547999322414398,3,train
069,LPS,True,16-bit signed integer,512,512,350,0.9039999842643738,0.9039999842643738,0.800048828125,462.8479919433594,462.8479919433594,280.01708984375,-2048.0,3077.0,-2048.0,-2048.0,-976.0,275.0,1127.0,0.3185614013671875,-43.0,13.0,120.0,254.0,495.0,957.0,1239.0,0.49339752957009547,0.0,0.005020808996948606,736.0067414755115,0.009153377525090418,0.0,0.09872571473490378,289.753434620139,128.8480093133172,481,434.8239924311638,1.8079999685287476,1.6985312204342335,257.6399955153465,156.39199727773666,True,52,319,268,214.4130859375,2,True,3,True,2,True,1.8079999685287476,1.8079999685287476,3.615999937057495,55.13823962211609,353,319.11199444532394,1.2465312283020467,True,28.023999512195587,3,test
070,LPS,True,16-bit signed integer,512,512,350,0.6620000004768372,0.6620000004768372,0.800048828125,338.9440002441406,338.9440002441406,280.01708984375,-2048.0,1775.0,-2048.0,-2048.0,-937.0,510.0,1342.0,0.21469420296805244,24.0,89.0,192.0,312.0,525.0,990.0,1261.0,0.3798842665250179,0.0,0.006970236243808193,740.5958720112342,0.0,0.0,0.0,440.60410238964937,,513,339.60600024461746,1.3240000009536743,1.326585938455537,252.22200018167496,147.6260001063347,True,38,317,280,224.013671875,2,True,2,True,1,True,1.872418757930677,1.3240000009536743,2.6480000019073486,56.846357345581055,458,303.1960002183914,1.1843593758530915,True,16.55000001192093,3,train
071,RAS,True,32-bit signed integer,351,209,319,0.9296875,0.9296875,0.800000011920929,326.3203125,194.3046875,255.20000380277634,-1023.0,2470.0,-1021.0,-1012.0,-12.0,794.0,1443.0,0.0,-39.0,25.0,148.0,298.0,609.0,1185.0,1420.0,0.4317138533498418,0.0,0.027441463750171962,628.2733797233309,0.0,0.0,0.0,233.89090675673043,,373,346.7734375,1.274688720703125,1.354583740234375,273.328125,161.765625,True,31,296,266,212.8000031709671,2,True,2,True,1,True,1.600000023841858,1.600000023841858,3.71875,18.455426931381226,363,337.4765625,1.318267822265625,True,13.015625,3,train
072,RAS,True,32-bit signed integer,403,301,267,0.8203125,0.8203125,1.0,330.5859375,246.9140625,267.0,-1479.0,7697.0,-1019.0,-1009.0,-51.0,704.0,1282.0,0.00012041533657892804,54.0,129.0,252.0,375.0,585.0,964.0,1141.0,0.2449763134693472,0.0,0.00026387353938234963,867.0451904296875,0.42729949951171875,0.0,0.492572021484375,336.08888854980466,58.13962349648044,427,350.2734375,1.291351318359375,1.368255615234375,266.6015625,161.6015625,True,12,231,220,220.0,1,True,2,True,1,True,1.640625,1.640625,34.83940906255623,25.257943630218506,415,340.4296875,1.329803466796875,True,32.8125,3,train
073,LPS,True,32-bit signed integer,512,512,329,0.78125,0.78125,0.800048828125,400.0,400.0,263.216064453125,-1023.0,6153.0,-1021.0,-1013.0,-982.0,282.0,1018.0,0.0,-76.0,-47.0,33.0,177.0,390.0,861.0,1184.0,0.5964876361894671,0.0,0.003702455576137207,653.5071696341038,0.09766221046447754,0.0,0.12793749570846558,227.1916002035141,86.88124623107572,463,361.71875,1.5625,1.4129638671875,271.875,143.75,True,40,302,263,210.412841796875,1,True,1,True,3,True,1.5625,1.5625,1.5625,52.50824999809265,382,298.4375,1.165771484375,True,12.5,3,train
074,LPS,True,16-bit signed integer,512,512,326,0.9760000109672546,0.9760000109672546,0.801025390625,499.7120056152344,499.7120056152344,261.13427734375,-2913.0,15467.0,-2048.0,-2048.0,-955.0,264.0,862.0,0.29317490747369873,-44.0,3.0,88.0,201.0,386.0,737.0,974.0,0.5787382597759841,0.0,0.00019516216545882036,907.0647379949534,1.307846411517386,0.0,1.4268802739425388,323.681304324438,98.24215990429107,400,390.40000438690186,1.9520000219345093,1.5250000171363354,286.94400322437286,158.11200177669525,True,28,286,259,207.465576171875,2,True,1,True,2,True,1.60205078125,1.9520000219345093,1.9520000219345093,47.875463247299194,321,313.29600352048874,1.2238125137519091,True,11.712000131607056,3,train
075,LPS,True,16-bit signed integer,512,512,294,0.853515625,0.853515625,1.0,437.0,437.0,294.0,-1023.0,1657.0,-1023.0,-1016.0,-945.0,361.0,1060.8340000002645,0.0,30.0,88.0,186.0,282.0,452.0,825.0,1067.0,0.42210199235394175,0.0,9.262845883086044e-05,865.1097345733642,0.0,0.0,0.0,473.7013785858154,,536,457.484375,1.70703125,1.78704833984375,306.412109375,150.21875,True,53,272,220,220.0,3,True,3,True,1,True,1.70703125,1.70703125,15.36328125,40.89472961425781,409,349.087890625,1.3636245727539062,True,14.509765625,3,test
076,LPS,True,16-bit signed integer,512,512,350,0.7820000052452087,0.7820000052452087,0.801025390625,400.3840026855469,400.3840026855469,280.35888671875,-2048.0,1695.0,-2048.0,-2048.0,-963.0,492.0,1167.0,0.2203535679408482,102.0,180.0,307.0,432.0,638.0,1023.0,1256.0,0.13732047104142825,0.0,0.006107633484699884,718.2116031240392,0.0,0.0,0.0,502.3201924962337,,492,384.7440025806427,1.5640000104904175,1.5029062600806355,262.75200176239014,150.14400100708008,True,39,292,254,203.46044921875,2,True,3,True,1,True,2.2118300263872115,2.7310728242454076,4.692000031471252,48.13541507720947,447,349.5540023446083,1.3654453216586262,True,17.9860001206398,3,train
077,LPS,True,16-bit signed integer,512,512,350,0.7239999771118164,0.7239999771118164,0.800048828125,370.68798828125,370.68798828125,280.01708984375,-2048.0,1749.0,-2048.0,-2048.0,-952.0,455.0,1231.0,0.21520562308175223,31.0,95.0,205.0,333.0,546.0,948.0,1213.0,0.3482651514474691,0.0,0.004898255770668239,704.1014540759168,0.0,0.0,0.0,313.21509484465633,,540,390.95998764038086,1.4479999542236328,1.5271874517202377,236.02399253845215,161.45199489593506,True,66,319,254,203.21240234375,1,True,4,True,1,True,1.4479999542236328,2.047781173578682,4.343999862670898,42.44902777671814,405,293.21999073028564,1.1453905887901783,True,18.823999404907227,3,train
078,RAS,True,16-bit signed integer,458,249,388,0.8429999947547913,0.8429999947547913,0.7999267578125,386.0939975976944,209.90699869394302,310.37158203125,-2359.0,1782.0,-2045.0,-1019.0,-103.0,587.0,1523.0,0.006789594790271697,-65.0,-3.0,110.0,247.0,469.0,933.0,1224.0,0.5042507916282729,0.0,0.00458152535613963,839.6367717345456,0.0,0.0,0.0,270.2595123992949,,442,372.60599768161774,1.5081796781159937,1.4554921784438193,274.81799829006195,157.64099901914597,True,84,354,271,216.7801513671875,1,True,2,True,1,True,1.599853515625,1.599853515625,3.371999979019165,31.527657747268677,379,319.4969980120659,1.2480351484846324,True,14.330999910831451,3,train
079,RAS,True,32-bit signed integer,471,275,268,0.693359375,0.693359375,1.0,326.572265625,190.673828125,268.0,-1023.0,1570.0,-1012.0,-1002.0,-17.0,610.0,1165.0,0.0,-9.0,61.0,184.0,312.0,508.0,865.0,1059.0,0.3839578093378782,0.0,5.956609081148375e-06,645.665634727478,0.0,0.0,0.0,247.44251861572266,,499,345.986328125,1.2756729125976562,1.3515090942382812,226.728515625,165.01953125,True,17,249,233,233.0,1,True,3,True,3,True,1.38671875,1.38671875,4.38518972406162,37.28002333641052,455,315.478515625,1.2323379516601562,True,43.681640625,3,train
080,LPS,True,32-bit signed integer,512,512,353,0.775390625,0.775390625,1.0,397.0,397.0,353.0,-1023.0,47685.0,-1023.0,-1013.0,-939.0,373.0,1169.0,0.0,-1.0,41.0,125.0,232.0,413.0,840.0,1123.0,0.5324724050836666,0.0,0.0002438152590477949,1015.961908859253,0.5747764739990234,0.0,0.7587530441284179,491.50843786621095,40.24374909760103,511,396.224609375,1.55078125,1.5477523803710938,286.89453125,169.03515625,True,51,280,230,230.0,2,True,1,True,1,True,1.55078125,1.55078125,1.55078125,54.95645570755005,437,338.845703125,1.3236160278320312,True,24.8125,3,test
081,RAS,True,16-bit signed integer,416,268,342,0.796999990940094,0.796999990940094,0.800000011920929,331.5519962310791,213.5959975719452,273.6000040769577,-2048.0,1872.0,-2048.0,-1012.0,11.0,778.0,1406.0,0.0023436555834189378,52.0,122.0,259.0,409.0,623.0,1034.0,1301.0,0.23451048232149568,0.0,0.01001793728331691,860.1055019628535,0.0,0.0,0.0,411.39488421238985,,442,352.27399599552155,1.2951249852776527,1.376070296857506,276.5589968562126,157.8059982061386,True,28,295,268,214.40000319480896,1,True,1,True,2,True,1.593999981880188,1.593999981880188,3.187999963760376,30.820317268371582,408,325.17599630355835,1.2702187355607748,True,22.315999746322632,3,train
082,RAS,True,32-bit signed integer,512,305,312,0.8125,0.8125,1.0,416.0,247.8125,312.0,-1023.0,2339.0,-1017.0,-1010.0,-107.0,499.0,1175.0,0.0,24.0,72.0,179.0,302.0,504.0,891.0,1087.0,0.40070191080287937,0.0,4.770427298687968e-05,802.6338125,0.0,0.0,0.0,310.97650390625,,536,435.5,1.625,1.701171875,269.75,152.75,True,47,263,217,217.0,1,True,1,True,2,True,2.0,1.625,5.269309727089498,36.46234631538391,394,320.125,1.25048828125,True,24.375,3,train
083,LPS,True,32-bit signed integer,512,512,350,0.748046875,0.748046875,0.79998779296875,383.0,383.0,279.9957275390625,-1023.0,4859.0,-1017.0,-1009.0,-852.0,449.0,1144.0,0.0,8.0,74.0,171.0,297.0,528.0,1034.0,1245.0,0.4164770792850128,0.0,0.003245416410093792,728.428158586522,0.08594927443563938,0.0,0.11459903258085251,516.4020422131042,114.02753067563206,538,402.44921875,1.49609375,1.5720672607421875,293.234375,158.5859375,True,16,266,251,200.79693603515625,1,True,3,True,2,True,1.49609375,1.49609375,4.731063843142536,69.37443423271179,450,336.62109375,1.3149261474609375,True,21.693359375,3,val
084,LPS,True,32-bit signed integer,512,512,268,0.849609375,0.849609375,1.0,435.0,435.0,268.0,-1023.0,19419.0,-1023.0,-1016.0,-907.0,335.0,933.0,0.0,14.0,81.0,181.0,289.0,458.0,832.0,1046.0,0.41275102536285213,0.0,8.177461824882381e-06,794.4426950454712,0.12704315185546874,0.0,0.1393143653869629,284.7513444900513,48.44658448706074,536,455.390625,1.69921875,1.77886962890625,286.318359375,169.072265625,True,14,245,232,232.0,2,True,4,True,2,True,1.69921875,1.69921875,3.3984375,59.8873450756073,381,323.701171875,1.2644577026367188,True,17.841796875,3,test
085,RAS,True,32-bit signed integer,413,235,356,0.9140625,0.9140625,0.8000000715255737,377.5078125,214.8046875,284.80002546310425,-1023.0,3648.0,-1011.0,-991.0,-79.0,626.0,1333.0,0.0,43.0,99.0,211.0,339.0,538.0,941.0,1162.0,0.33103312285005393,0.0,0.00019809126851678485,738.9594234411619,0.016710206572133755,0.0,0.06082515192256687,299.96023931853284,78.30043073318916,435,397.6171875,1.474639892578125,1.553192138671875,281.53125,147.1640625,True,37,311,275,220.00001966953278,2,True,4,True,2,True,1.6000001430511475,1.6000001430511475,1.828125,42.511375427246094,403,368.3671875,1.438934326171875,True,15.5390625,3,train
086,RAS,True,32-bit signed integer,512,283,265,0.658203125,0.658203125,1.0,337.0,186.271484375,265.0,-1054.0,1736.0,-1016.0,-1001.0,1.0,748.0,1259.0,3.1252083472231485e-05,88.0,158.0,274.0,392.0,610.0,987.0,1173.0,0.19132539627864448,0.0,0.0006037338811195381,691.7534994888306,0.0,0.0,0.0,278.06347917175293,,542,356.74609375,1.31640625,1.3935394287109375,271.837890625,137.564453125,True,13,236,224,224.0,2,True,3,True,2,True,1.31640625,1.31640625,5.265625,41.15953707695007,526,346.21484375,1.3524017333984375,True,23.6953125,3,train
087,RAS,True,32-bit signed integer,462,295,312,0.80859375,0.80859375,0.800000011920929,373.5703125,238.53515625,249.60000371932983,-1023.0,9618.0,-1021.0,-1016.0,-48.0,723.0,1446.0,0.0,-9.0,82.0,202.0,311.0,539.0,1089.0,1351.0,0.3697397727326464,0.0,0.015394691420491892,884.8862613303639,0.018830127233715757,0.0,0.021968481772668382,321.5322684020439,24.761548352429266,464,375.1875,1.459259033203125,1.465576171875,283.81640625,152.015625,True,28,292,265,212.00000315904617,3,True,4,True,1,True,1.600000023841858,1.6171875,3.234375,40.797178983688354,410,331.5234375,1.295013427734375,True,17.7890625,3,train
088,RAS,True,32-bit signed integer,499,251,406,0.890625,0.890625,0.800000011920929,444.421875,223.546875,324.80000483989716,-1023.0,1671.0,-1018.0,-1010.0,-68.0,459.0,1192.0,0.0,-16.0,27.0,118.0,235.0,406.0,787.0,1054.0,0.5280440724416136,0.0,6.655055812625572e-06,953.5161534663102,0.0,0.0,0.0,319.8025014451161,,515,458.671875,1.73602294921875,1.79168701171875,301.03125,160.3125,True,49,316,268,214.40000319480896,1,True,1,True,2,True,1.600000023841858,1.600000023841858,23.15625,35.209922790527344,422,375.84375,1.4681396484375,True,21.375,3,train
089,LPS,True,16-bit signed integer,512,512,291,0.775390625,0.775390625,1.0,397.0,397.0,291.0,-1023.0,2986.0,-1016.0,-1007.0,-101.0,472.0,1218.0,0.0,17.0,83.0,193.0,311.0,489.0,859.0,1072.0,0.3717112774496405,0.0,1.5584355746121358e-05,887.3195989646912,0.0,0.0,0.6240773849487304,583.4101457214356,,538,417.16015625,1.55078125,1.6295318603515625,273.712890625,167.484375,True,39,240,202,202.0,1,True,3,True,2,True,2.0,1.55078125,3.1015625,39.63783812522888,419,324.888671875,1.2690963745117188,True,21.7109375,3,train
090,LPS,True,16-bit signed integer,512,512,301,0.9760000109672546,0.9760000109672546,0.801025390625,499.7120056152344,499.7120056152344,241.108642578125,-2048.0,1756.0,-2048.0,-2048.0,-995.0,401.0,1258.0,0.30974568718691603,46.0,108.0,240.0,396.0,650.0,1143.0,1386.0,0.26645113349358185,0.0,0.021280397377025747,725.9837117431099,0.0,0.0,0.0,480.2543265555541,,394,384.5440043210983,1.9520000219345093,1.5021250168792903,267.42400300502777,155.1840017437935,True,39,290,252,201.8583984375,1,True,2,True,3,True,1.60205078125,1.60205078125,3.9040000438690186,43.54160141944885,305,297.68000334501266,1.1628125130664557,True,12.68800014257431,3,train
091,LPS,True,16-bit signed integer,512,512,274,0.6953125,0.6953125,1.0,356.0,356.0,274.0,-1023.0,1692.0,-1023.0,-1014.0,-951.0,478.0,1245.0,0.0,58.0,144.0,281.0,405.0,610.0,1022.0,1223.0,0.18737193877860703,0.0,0.002967248410371669,557.553021057129,0.0,0.0,0.0,348.0057314453125,,540,375.46875,1.390625,1.4666748046875,263.5234375,167.5703125,True,46,243,198,198.0,1,True,3,True,1,True,1.9666407351750852,1.390625,3.6971866943833116,29.281699657440186,442,307.328125,1.20050048828125,True,18.078125,3,train
092,LPS,True,16-bit signed integer,512,512,293,0.880859375,0.880859375,1.0,451.0,451.0,293.0,-1023.0,1526.0,-1023.0,-1014.0,-939.0,374.0,1025.7320000003092,0.0,31.0,89.0,197.0,308.0,485.0,875.0,1096.0,0.37312931614181133,0.0,3.659039331420334e-05,954.2421540489197,0.0,0.0,0.0,427.7772625770569,,534,470.37890625,1.76171875,1.8374176025390625,310.943359375,162.958984375,True,26,251,226,226.0,1,True,2,True,2,True,1.76171875,2.6652678953721636,30.0009892618469,35.398534536361694,459,404.314453125,1.5793533325195312,True,17.6171875,3,val
093,LPS,True,16-bit signed integer,512,512,325,0.763671875,0.763671875,1.0,391.0,391.0,325.0,-1023.0,2970.0,-1023.0,-1011.0,-929.0,374.0,1029.0,0.0,-42.0,5.0,91.0,197.0,390.0,829.0,1118.0,0.5860489293275916,0.0,0.0007763876722195088,965.9973400459289,0.0,0.0,0.007581531524658203,501.368429309845,,508,387.9453125,1.52734375,1.515411376953125,292.486328125,160.37109375,True,34,250,217,217.0,1,True,3,True,1,True,1.52734375,1.52734375,1.52734375,37.11700081825256,423,323.033203125,1.2618484497070312,True,14.509765625,3,train
094,LPS,True,16-bit signed integer,512,512,313,0.9760000109672546,0.9760000109672546,0.7989501953125,499.7120056152344,499.7120056152344,250.0714111328125,-2048.0,1779.0,-2048.0,-2048.0,-999.0,266.0,1080.0,0.2985881768857328,-34.0,43.0,176.0,325.0,580.0,1065.0,1304.0,0.3788637835991109,0.0,0.010468515488439403,708.3885415607093,0.0,0.0,0.0,224.85236863049312,,411,401.13600450754166,1.9520000219345093,1.5669375176075846,284.0160031914711,166.89600187540054,True,14,289,276,220.51025390625,2,True,1,True,2,True,1.9520000219345093,1.597900390625,3.9040000438690186,31.856788873672485,331,323.0560036301613,1.2619375141803175,True,13.664000153541565,3,test
095,LPS,True,16-bit signed integer,512,512,257,0.6796875,0.6796875,1.0,348.0,348.0,257.0,-1023.0,1761.0,-1017.0,-1010.0,-918.0,322.0,848.0,0.0,-97.0,-63.0,-2.0,79.0,222.0,553.0,834.0,0.7832691911545919,0.0,1.8964722346655506e-05,706.431530456543,0.0,0.0,0.0,293.9293460083008,,538,365.671875,1.359375,1.42840576171875,277.9921875,161.0859375,True,32,236,205,205.0,1,True,3,True,1,True,1.359375,1.359375,1.359375,33.84959578514099,453,307.8984375,1.202728271484375,True,13.59375,3,train
096,LPS,True,16-bit signed integer,512,512,350,0.7820000052452087,0.7820000052452087,0.7989501953125,400.3840026855469,400.3840026855469,279.632568359375,-3193.0,13843.0,-2048.0,-2048.0,-170.0,454.0,1236.0,0.21529224940708705,-10.0,69.0,207.0,360.0,582.0,993.0,1220.0,0.3236099579068006,0.0,0.0036534888376319667,710.2344530127783,0.17588780128529077,0.0,0.2042252803812543,397.0921174172851,52.38032361653949,538,420.7160028219223,1.5640000104904175,1.643421886023134,312.8000020980835,148.58000099658966,True,60,308,249,198.9385986328125,1,True,2,True,3,True,1.5640000104904175,1.5640000104904175,3.128000020980835,45.59478235244751,432,337.8240022659302,1.3196250088512897,True,12.51200008392334,3,train
097,LPS,True,32-bit signed integer,512,512,300,0.87890625,0.87890625,1.0,450.0,450.0,300.0,-1023.0,1598.0,-1023.0,-1022.0,-966.0,375.0,1040.0,0.0,46.0,97.0,193.0,303.0,495.0,870.0,1077.0,0.38622494518921635,0.0,7.799162889849823e-06,891.4143562316895,0.0,0.0,0.0,540.6591796875,,512,450.0,1.7578125,1.7578125,289.16015625,158.203125,True,35,261,227,227.0,2,True,2,True,2,True,1.7578125,2.4859222776089562,3.515625,38.70039200782776,372,326.953125,1.27716064453125,True,13.18359375,3,test
098,LPS,True,16-bit signed integer,512,512,350,0.7820000052452087,0.7820000052452087,0.801025390625,400.3840026855469,400.3840026855469,280.35888671875,-2048.0,1924.0,-2048.0,-2048.0,-910.0,402.0,1148.0,0.21532612391880582,-33.0,23.0,125.0,277.0,521.0,971.0,1228.0,0.46420525225878134,0.0,0.004827018507057192,796.2127617909174,0.0,0.0,0.0,285.80422789005473,,529,413.6780027747154,1.5640000104904175,1.6159296983387321,284.648001909256,161.092001080513,True,10,267,258,206.66455078125,2,True,2,True,1,True,1.5640000104904175,1.5640000104904175,4.692000031471252,43.094181060791016,396,309.67200207710266,1.2096562581136823,True,10.948000073432922,3,train
099,RAS,True,32-bit signed integer,459,238,286,0.779296875,0.779296875,1.0,357.697265625,185.47265625,286.0,-1023.0,1710.0,-1022.0,-1011.0,-88.0,684.0,1357.1200000003446,0.0,66.0,142.0,266.0,387.0,592.0,1016.0,1222.0,0.21444373316783308,0.0,0.0032254053848548773,591.0345627250672,0.0,0.0,0.0,272.8918813705444,,485,377.958984375,1.3972549438476562,1.4764022827148438,268.078125,147.287109375,True,38,242,205,205.0,2,True,2,True,2,True,1.55859375,1.55859375,3.1171875,19.591811656951904,413,321.849609375,1.2572250366210938,True,19.482421875,3,train
100,LPS,True,16-bit signed integer,512,512,350,0.8659999966621399,0.8659999966621399,0.801025390625,443.3919982910156,443.3919982910156,280.35888671875,-6152.0,24970.0,-2048.0,-2048.0,-965.0,347.0,1207.0,0.22091705322265626,55.0,126.0,253.0,391.0,638.0,1096.0,1342.0,0.2429171841067211,0.0,0.015079976774604145,581.4538428610705,8.677599643072947,0.0,9.823799720538034,381.96336627592837,16.14787439692518,480,415.67999839782715,1.7319999933242798,1.6237499937415123,248.54199904203415,156.74599939584732,True,34,287,254,203.46044921875,2,True,3,True,2,True,1.7319999933242798,1.7319999933242798,2.9268096384039644,30.437976360321045,384,332.5439987182617,1.2989999949932098,True,20.783999919891357,3,train
