epoch,seconds,score,train_cls,train_det_obj,train_det_box,train_det,train_det_pos_iou,train_seg_ce,train_seg_dice,train_edge_bce,train_edge_dice,train_seg,train_total,val_cls,val_det_obj,val_det_box,val_det,val_det_pos_iou,val_seg_ce,val_seg_dice,val_edge_bce,val_edge_dice,val_seg,val_total,mAP@0.50,mAP@[.50:.95],AP50_SA,AP50_LI,AP50_RI,IoU_promedio,dice_fondo,dice_SA,dice_LI,dice_RI,iou_fondo,iou_SA,iou_LI,iou_RI,dice_hueso,iou_hueso,cls_f1_macro,cls_auc_macro,cls_f1_SA,cls_f1_LI,cls_f1_RI,ms_por_corte_modelo
0,168.0,0.9549576730620782,0.23790820053287218,0.1124573929406217,0.20250174221333353,0.3149591350008611,0.8019774675666173,0.10716613967840716,0.26210443354484303,0.08456726660752872,0.9801288030859147,1.4339666416062118,1.993029701506859,0.08627145342757059,0.08733185758920757,0.14080637810968552,0.22813823551887416,0.7648398516446175,0.021273388428828463,0.29034763703919964,0.02133162666495184,0.9705007472452092,1.3034534024063653,1.6030694366206784,0.9536180533046571,0.6730888452475323,0.885578438624095,0.9854633044050982,0.989812416884778,0.8356772094201681,0.9980478444736549,0.9090552401390681,0.9507803380744455,0.9381435500665144,0.9961032959197148,0.8332733916380423,0.9061785368466594,0.8834937623868834,0.9326597094266761,0.8743152302905283,0.9785952564549013,0.9951895553000506,0.9672955974842767,0.9803132633999138,0.9881769084805138,2.0950679930858542
1,164.6,0.9544515418162461,0.10366232559064016,0.07383579347203781,0.13472838156720127,0.20856417508949726,0.8673833661823661,0.028819875911322,0.07942532176741825,0.024767080835353623,0.8084722077168583,0.9414844854633162,1.2411171943134864,0.07269566552463806,0.08329772661463955,0.1324422456309405,0.2157399726304165,0.7730085196109449,0.025324388643556878,0.26184982484614355,0.027867546012465445,0.8746703703257694,1.1897121266970738,1.4602981730560813,0.9442550289468222,0.6865307827041832,0.8593169501363,0.9834169498428167,0.9900311868613497,0.8385582596959399,0.9983617188990309,0.8987373229642261,0.9586951290321869,0.9620791348541763,0.9967287969481992,0.8160971416767911,0.9206670935296337,0.9269291784774054,0.9398371956168631,0.8878978045612769,0.9792624008850529,0.9965358400455959,0.9688493324856962,0.98269203261336,0.9862458375561025,2.0102423706748898
2,164.4,0.9644938373482903,0.08295930862417479,0.06346581548826608,0.11932258917836046,0.1827884046844102,0.8824114731952529,0.02547184556634496,0.06877239634259304,0.02488205758416615,0.6708469081093237,0.7899732082253326,1.0413343218066673,0.06998793192955098,0.06921605366517292,0.11388393682547104,0.1830999908121064,0.791515965962551,0.023547656529930933,0.2093667377381635,0.04156115970070702,0.658805873854861,0.9332814305961955,1.1717232064265002,0.9647861550151241,0.7333687388444369,0.9113767107985293,0.9859265855177597,0.9970551687290832,0.8623706197118263,0.9987445231907325,0.9304045382353847,0.9638017674229064,0.9669725014946001,0.9974921948726444,0.8698658245056557,0.9301326108478949,0.936056884152291,0.9537262690509638,0.9120184398352805,0.974969087978783,0.996385123479782,0.9530948811308632,0.9789625360230547,0.992849846782431,2.0010441584411947
3,160.0,0.9658881847068549,0.06844078745059329,0.05786722415231629,0.10972172989296983,0.16758895393549134,0.891777193066291,0.024004773475537474,0.06393035671036983,0.02333793234488362,0.5759393517631572,0.6872124142075733,0.906734719915774,0.05789055208531278,0.06390257105800733,0.10816329222400278,0.1720658636916451,0.7969008649477122,0.019209420737321695,0.2105520767337942,0.04366105604956495,0.5834329284624705,0.8568554788063734,1.070101074565797,0.9658324145919984,0.752551718280556,0.9188074345263193,0.9810422313533964,0.9976475778962796,0.8708330727920863,0.9985607860167697,0.9222796176084942,0.9636161825393003,0.959815482361199,0.9971257087536929,0.855768929192856,0.9297869826839911,0.9227357897423447,0.9485704275029977,0.9027639005397305,0.9832617120255688,0.9979144863978844,0.9680034129692833,0.9873454127121082,0.9944363103953148,2.0043547418039287
4,163.4,0.9689304210541585,0.0488262028529453,0.0537076896808859,0.10285185030965005,0.15655954007094902,0.8984882519818184,0.022536777428070285,0.06138771346813913,0.02164889697309916,0.5119450517886405,0.6175184394590535,0.802210065488649,0.058512717404808415,0.059339574755962084,0.10143112508796846,0.16077070023657394,0.8033202796057601,0.020198824596548204,0.18737271269397623,0.0528145916587693,0.45319519287500626,0.7135813202069708,0.9162887878407387,0.9670630902559744,0.7645628605148638,0.9181809508964702,0.9868258960991434,0.9961824237723096,0.8764101924857324,0.9987319903665999,0.9362018274692281,0.9594784230231413,0.9690047643691433,0.9974671923576899,0.8800558711639891,0.9221129520550829,0.9398731738815631,0.9548950049538375,0.9140139990335451,0.9848331679526637,0.9981397277060733,0.9626035981402871,0.99585891760674,0.9960369881109643,2.0397606627708185
5,162.0,0.970301061681652,0.03473738414773659,0.05032061579091735,0.09833705243714472,0.14865766824120652,0.902910131223472,0.021712063300245873,0.05943779724670575,0.02060057018783574,0.46814979523135797,0.5699002261804367,0.7296521188300791,0.043089296079975054,0.054610988417994166,0.09834848807966685,0.1529594767525348,0.8063974741412808,0.020946098643848818,0.15914068055105868,0.05088358186436673,0.4756233251306432,0.7065936858220213,0.8837598421752335,0.9690648965497903,0.7714168333605929,0.9194288811995486,0.9907038767044989,0.9970619317453238,0.8793514506872141,0.998698106996625,0.9325142532053307,0.9645168929520582,0.9647454375010457,0.9973995994365495,0.8735613154605422,0.9314655993778583,0.9318919929918398,0.9539255278861449,0.91230630261008,0.9879127606090208,0.9988378126210685,0.9692307692307692,0.9971444888635066,0.9973630237327864,2.006064767701344
6,162.1,0.9668436217411309,0.027672162573859398,0.04764795465407999,0.0940500590772414,0.14169801371121812,0.9070971866968313,0.0208186678369574,0.057262611517821076,0.01896090075480142,0.42391901258216846,0.5209611921283951,0.6655392646913263,0.042551182017320395,0.06518841660234809,0.10319459924007779,0.1683830162180777,0.8013888168381986,0.020484412002320256,0.13855734202988754,0.060422709380508345,0.43228921147258087,0.6517536766400939,0.8370535809554057,0.9622325255339622,0.7541139610037344,0.8995992138053885,0.990366604669993,0.9967317581265048,0.8732060669876942,0.9985560087098829,0.9316947441033228,0.9597725433132936,0.9581845250319281,0.9971161816283767,0.8721240852843216,0.9226564220582346,0.9197257557162828,0.9498839374828482,0.9048354210196129,0.9884144022065824,0.9983489578184415,0.9737560361116943,0.9968705547652916,0.9946166157427615,2.0001770078523746
7,163.2,0.9694955437843057,0.022265937138226458,0.04502048435237842,0.09064559486643216,0.13566607916043377,0.910422473415986,0.02019432334839407,0.056549402478821,0.01805941066251508,0.3880848245978999,0.4828879613430854,0.6153669795118065,0.03931764306425156,0.056594768387567565,0.09788107530340641,0.15447584368316702,0.8070259619746688,0.019246917769718576,0.15267744713281034,0.07043106152133828,0.4362876994840257,0.6786431225284905,0.8511525675419285,0.9675050423815769,0.7686977013831886,0.9198322066540161,0.9853267873609015,0.9973561331298126,0.8784919598245227,0.9987087215665338,0.9353524126590846,0.9617529629874859,0.9640418551105324,0.9974207736324511,0.8785558937819407,0.926323821500965,0.9305799272550647,0.953715743585701,0.9118198808459902,0.987265845385639,0.9984160535817831,0.9661303979678239,0.9978617248752673,0.9978054133138259,2.0050041079052416
8,162.5,0.9708351475450225,0.020269166121315196,0.04221478759861273,0.08706330406704153,0.1292780915320835,0.9139319562526005,0.019541783858324148,0.05480278891713454,0.016741443829032546,0.36496343806651976,0.45604945456043916,0.5809430036494325,0.03603534699119433,0.05409103430784428,0.09133805613781103,0.14542909028170947,0.8132514187099901,0.016181904983927527,0.17429772918746317,0.060127901812604384,0.4534493439061167,0.7040568786421588,0.8669172735256556,0.9658373546178695,0.7848036548574597,0.9114200162485653,0.9881561403792077,0.9979359072258354,0.886609983584169,0.9988060364467864,0.9354253764916812,0.9667394882058155,0.9697320581266404,0.9976149205914583,0.8786846462758763,0.9356202788850801,0.941242582355183,0.9572989742747123,0.9185158358387131,0.9893691137424856,0.998397101247895,0.9717180244829042,0.9982896237172177,0.9980996930273351,2.003928472497288
9,163.5,0.973115572097647,0.017008387389917667,0.04011700410939422,0.08391964876148254,0.12403665295264295,0.9170273677745564,0.019059758433115685,0.05356448334547037,0.015283394746317186,0.3330518704769076,0.420959507093149,0.5371627519367245,0.037622905584905525,0.05594085240543726,0.09112697162277834,0.14706782369527238,0.8134503194096055,0.02010613060982691,0.13486573129480878,0.059606927547745304,0.47722163296780407,0.6918004212765063,0.8575018412145167,0.9724078397569925,0.7891816161466793,0.9293352330680189,0.9899491910923454,0.9979390951106134,0.8876604883471101,0.9988246845747405,0.9402940723669907,0.9651709320156926,0.9685873829697853,0.9976521286389082,0.8873160448080718,0.9326863362040086,0.9390881660519875,0.9580174624508229,0.919696849021356,0.9889214140851258,0.9987179612382077,0.9722398813307904,0.9965753424657534,0.9979490184588339,2.015321563296029
10,163.1,0.9708611638928755,0.015802186706708948,0.03790940262992731,0.08142078371278573,0.11933018631178495,0.919469510905225,0.018642433612631,0.05268711539510376,0.01497901063395969,0.3230486626246996,0.4093572222927315,0.5205351029158926,0.046488021482713866,0.05688350359340779,0.09443571375172284,0.15131921790045696,0.8100360397403762,0.019298830097299022,0.12769115218044033,0.06313191701156676,0.4725041311873487,0.682626029972494,0.8624981725753764,0.9694817630231891,0.7816845468571705,0.9201198554865637,0.9909706796116853,0.9973547539713183,0.8863919238622722,0.9988126266479109,0.9345667669724013,0.9665240048660235,0.9699842322201456,0.9976280696626975,0.8771706550927463,0.9352166953241391,0.9417178479810037,0.9570250013528567,0.9180350661326298,0.9860767273025806,0.9983363268290399,0.9618516930990142,0.9987163029525032,0.9976621858562245,2.0011227235313833
11,162.2,0.9733518155233574,0.013719975682448683,0.03597829103022938,0.07884726375526983,0.11482555481990674,0.9220014118267422,0.018397497465728094,0.0519625507681733,0.013853438919058587,0.2940624608395752,0.37827594807443404,0.4829010647942338,0.03566441093000244,0.05853151391119385,0.09171559544063414,0.1502471096715109,0.8127388218803518,0.017796227675472003,0.14419577883545465,0.06274084985900684,0.43657541533663896,0.6613082695583384,0.8257631737687414,0.968826298734846,0.7881176945816543,0.920100981813736,0.9878491054541427,0.9985288089366593,0.8865257051228529,0.998870864555845,0.9416704484465691,0.9671194523570096,0.9713983228311823,0.9977442761294645,0.8897705323113884,0.9363323324889349,0.9443872632066039,0.960062741211587,0.9234967093356424,0.9911664066236391,0.9986104748632377,0.9771024146544546,0.998005698005698,0.998391107210765,2.000191917170971
12,162.5,0.9712444736203801,0.01212921153408338,0.034053990799097066,0.07657085245126459,0.11062484324262963,0.9242331140167043,0.017930280000447683,0.050985026379352094,0.013375531605004674,0.29025199817591757,0.37254283635812513,0.4721340991281384,0.03935327288785061,0.05401867765496531,0.0890968854243351,0.14311556347527324,0.8153987626822508,0.0150087002889897,0.12919449912020442,0.056412503165228486,0.4946627973099432,0.6952784986802812,0.8606939902143366,0.9673882548788534,0.7792295923560121,0.9140970668473615,0.9901265217129694,0.9979411760762293,0.8847311990580822,0.9987884142946969,0.9339319823144886,0.9675587554725297,0.9690552102870013,0.9975797609164708,0.8760529035868677,0.9371562407072994,0.9399680952427852,0.9568486493580065,0.9177257465123175,0.9894965166242802,0.9985124297370914,0.9734065006331786,0.9975731620271234,0.9975098872125384,1.9996152962554525
13,162.0,0.9743940235423872,0.010555316124852674,0.03233727673687205,0.07464811251018987,0.10698538932960129,0.9261143084579901,0.01778279277876842,0.05062397407663962,0.012989004513123828,0.2692354878185695,0.3506312591498103,0.4451549879158122,0.04433382121089233,0.05322162428643707,0.08245565046425872,0.13567727506162458,0.8219420243297103,0.018276560583290573,0.11414846266515156,0.06416765494608127,0.43529445814663137,0.6318871387201536,0.7971554579143458,0.9717693244963362,0.8080873012771551,0.9265852657733932,0.9904854267480577,0.9982372809675577,0.895312712692814,0.9989592733075803,0.9453540876351619,0.9695164093938811,0.9729291511608235,0.9979207105871537,0.8963710725577929,0.9408363395904464,0.9472853331008805,0.9625998827299554,0.9281642484163733,0.9888128634008702,0.9981435152054144,0.9703345255628024,0.9978605049208387,0.9982435597189696,2.0008962493423854
14,192.1,0.9766679327650074,0.010056161925015138,0.030110165868329496,0.07215446213027558,0.10226462800140794,0.9285676760661646,0.01742004004707997,0.05000475292732331,0.012083557005791437,0.2553218433153288,0.3348301932194041,0.4251306599269719,0.03075843342862995,0.05552772803286583,0.08063560797735549,0.1361633358664817,0.8237701709689003,0.015977177810127124,0.11593584360690747,0.06608611059916268,0.40865450121712166,0.6066536333860143,0.7538470873715727,0.9765014883469524,0.8110464744088896,0.9382004024274171,0.9927760313606445,0.9985280312527955,0.8992462220372003,0.9989197230575415,0.941701514583847,0.9691370808777648,0.97281404702792,0.997841777592986,0.8898260061418714,0.9401221664884124,0.947067124714041,0.9612175474965107,0.9256717657814416,0.992284762451559,0.9987039863604501,0.9801711542475475,0.9982910851609228,0.9983920479462067,2.474849997812139
15,197.2,0.9758155841181769,0.008344638426210303,0.028491993274480945,0.07058844094629751,0.09908043417032698,0.9301027771891178,0.017142717511191712,0.04945460710351326,0.011343396511471428,0.24880301291737728,0.32674373408888524,0.4124685729834092,0.03357506550941036,0.05349800724403283,0.08042913346865474,0.13392714089580635,0.8239086628312895,0.019435475272539394,0.1071787248466612,0.07671083070827807,0.39630764475940955,0.5996326775688685,0.7488249557890012,0.9735725142985044,0.8079956186108497,0.9343419001159052,0.9890232318889205,0.9973524108906877,0.8966924573429015,0.9989320129140652,0.9432482866626078,0.9699909928955858,0.972794672100385,0.9978663045872765,0.8925921526861572,0.9417305928444717,0.947030399549731,0.9620113172195262,0.9271177150267866,0.9918629208365003,0.9987105815202391,0.9800664451827242,0.9977175463623396,0.9978047709644373,2.449727007811772
16,197.8,0.9753012600294514,0.007644620815873425,0.02694939622568912,0.06894730505772823,0.09589670124688353,0.9317190271534331,0.016992271338323123,0.04863836828135217,0.01073589657191225,0.23851593634853624,0.31488247276830844,0.3972525076284207,0.040900073184370736,0.058461435783871946,0.08253611414096294,0.14099754998617106,0.8217826577333304,0.017061762331704058,0.11609692545332147,0.06892856973630818,0.43115503465870664,0.633242292098216,0.7976138117251076,0.9728075573999563,0.8109005217359817,0.9335084437760233,0.9875614656004104,0.9973527628234349,0.8975695651088004,0.9989838290918596,0.9455169022562332,0.9709615147794616,0.9743891453358432,0.9979697212938756,0.8966638766228837,0.9435619063084602,0.9500573642572391,0.9636225207905126,0.9300943823961944,0.9894737018978855,0.9986512774939689,0.9720220432386605,0.9978623343309106,0.9985367281240854,2.4526945757409644
17,197.5,0.9762399009648203,0.006694145632654089,0.02497631808064009,0.06699140171179042,0.09196771973424703,0.9336382026937603,0.016984145297568743,0.04861020893415211,0.010203953657001413,0.22795105930580148,0.303749367259149,0.38195944077348054,0.03020151176041567,0.05797506864181288,0.07732360329501023,0.13529867195599604,0.8269396271461096,0.015169981271663923,0.12089142256234525,0.07213911446382637,0.3813599291637804,0.5895604491821642,0.734994780103248,0.9757547473076648,0.8178726884244198,0.9374514938918725,0.9915750360341556,0.9982377119969658,0.901473597544405,0.9988960280050053,0.9415889455034476,0.9686831180453824,0.9716912568641662,0.9977944908303685,0.8896250105317798,0.9392681677133728,0.9449411602793417,0.9606544401376654,0.9246114461748315,0.9923105154491306,0.9989514844678249,0.9816895547232626,0.997289972899729,0.9979520187244002,2.44363961656767
18,197.6,0.9761387283084996,0.005358890934108513,0.023254093959356934,0.06535859703986711,0.08861269093446833,0.9352437850596649,0.016651717785010543,0.04778213850340442,0.009869077036161744,0.217465089905455,0.29176802332437646,0.36567620194183437,0.032554781678746376,0.05696684237135754,0.0774997862559216,0.1344666286641325,0.8267941641854581,0.015407720509417992,0.12816758550835786,0.06559912168208427,0.4201457576873975,0.6293201850216534,0.7783298700959724,0.974326375590668,0.8175898269176244,0.9316928614960656,0.9927549520281393,0.9985313132477993,0.9012727855959729,0.9989294469901945,0.946275609156167,0.9674683309048614,0.9725405157627747,0.9978611836966199,0.898029520222437,0.936986593111187,0.9465487746066972,0.9620948186079343,0.9271882959801071,0.9919949907268967,0.9987901668716631,0.9797283176593521,0.9977194982896237,0.9985371562317145,2.4406125832440058
19,198.5,0.9766546097198295,0.0047548462964289604,0.021441726297686776,0.06371271866035441,0.08515444501690124,0.9368684340582294,0.016508126577061643,0.04756381205871126,0.009255605344266225,0.20472561726682956,0.2780531612841506,0.348499323515513,0.03277922352394848,0.05808905845954261,0.07711791685787883,0.1352069756237579,0.8271404079196486,0.016232236435625,0.10369636450528628,0.07218024571318415,0.397809159003301,0.5899180041174211,0.7386668726537354,0.9736707620767092,0.8191239872027231,0.9308649484552654,0.9913229434153952,0.9988243943594672,0.9015530967497909,0.9989878728170563,0.9479479412013257,0.9705863672173445,0.9736022199885285,0.997977792365429,0.9010466100734371,0.9428536171545617,0.948562281552915,0.9640455094690662,0.9308208362603047,0.9922475576137132,0.9990276475749379,0.9802042092102521,0.9981473564201225,0.998391107210765,2.4697059042091842
20,199.1,0.9767929559474693,0.004894199242185505,0.01998746626211687,0.06207696313943889,0.08206442942562168,0.9384776780643914,0.016277928065567368,0.047011471650767696,0.008911258558919955,0.19304737195081859,0.2652480303344265,0.33347297198189,0.0335835751246983,0.057572799480021246,0.07513018976713308,0.13270298927234753,0.8290741111517422,0.016752083890284625,0.11460748038583489,0.07238903647489167,0.3970570534879169,0.6008056548131994,0.7492231251763757,0.9738350093652782,0.8260604343150215,0.9342573825386389,0.9890158977644496,0.998231747792746,0.9041375628844288,0.9990012220373407,0.9486480596239701,0.9715491052177844,0.9736632358313774,0.9980044371988303,0.9023125588988533,0.9446723320937157,0.9486781238125939,0.9646201335577106,0.9318876716017209,0.9919237249194189,0.9989036959403595,0.9790882475951485,0.9981457709313936,0.9985371562317145,2.4480448021028853
21,198.8,0.9734804792288155,0.0040735023491342065,0.01822329773464201,0.060570696218039004,0.07879399392412084,0.9399610574733375,0.01613920604757541,0.04669944380961696,0.008503518829261975,0.18358314791968772,0.2549253163999198,0.3196209094561745,0.06072990466661401,0.06514804538560662,0.07672276333914942,0.1418708089934211,0.8274920618040322,0.017241470925025783,0.10084441380623059,0.07140348417493689,0.4243921197847972,0.613881488413324,0.8042166840792055,0.9698579979288035,0.8220390323218251,0.9228761728627807,0.9881659052567731,0.9985319156668566,0.9002413816298834,0.9990322505404762,0.9487289929769744,0.9722992485281682,0.9755069561787778,0.9980663723480674,0.9024590107013146,0.9460917948495029,0.95218504611829,0.9655117325613068,0.9335786172230359,0.9850717071963363,0.9984119977217499,0.9583962060788963,0.998429693076374,0.9983892224337385,2.4557666391889796
22,198.7,0.9754370148052586,0.003870653586423679,0.016501265611122997,0.058978499506780746,0.07547976511142818,0.9415256928338605,0.016019953849917567,0.04616655198406411,0.008109151728729107,0.1774777084923028,0.24777336589970397,0.30980156929896746,0.04522334832698998,0.06680956213355464,0.07605241880526203,0.14286198066911832,0.8282058043827907,0.01542072316804829,0.10609578604293764,0.0677876444471689,0.41710722046726084,0.60641137308476,0.7769594621501084,0.973526318419645,0.8205944908078407,0.9290031666642943,0.9927511355316562,0.9988246530629843,0.9022614701924665,0.9989888912598739,0.9466181082668063,0.9705157196440745,0.9751491135583338,0.9979798251362091,0.8986466500855425,0.9427202903074307,0.9515034103586528,0.9640943138230714,0.9309567835838752,0.9886904121730592,0.9987025128891384,0.969542066027689,0.9984305892424026,0.9980985812490859,2.4478105487393402
23,197.1,0.9764153829806782,0.00280955998928736,0.014897284133633504,0.057734752629816706,0.07263203677997741,0.9427510491541778,0.015910970708977734,0.0459103425937651,0.007862751028817859,0.17039625268103226,0.24008031685528491,0.29861734444395344,0.041584001726624645,0.06626321182199629,0.07216213938194149,0.138425351207156,0.8319957731273282,0.01518983797779556,0.0934045411190808,0.07210197386595872,0.3955038349774227,0.5762001879502242,0.7382305866287363,0.973934889933656,0.8304080689374349,0.9331534509293029,0.9904124715542235,0.9982387473174414,0.905818559460468,0.9990130304018026,0.9486382016787469,0.9713475727011627,0.9750408662221679,0.9980280071006447,0.9022947221341611,0.9442913339074572,0.9512973094140118,0.9650088802006925,0.93262778848521,0.9903023788076863,0.9984733217318577,0.974520951779322,0.9982881597717547,0.9980980248719824,2.4581607891894213
24,198.4,0.9775652590347828,0.002610223000330595,0.013425273114461421,0.05646584195194278,0.0698911151719222,0.9439998840632504,0.015782081437188532,0.04605132319116652,0.007402284937676681,0.1650880156042369,0.2343237048170412,0.29061772675868536,0.03588982565403109,0.06971673822374691,0.07455834751504177,0.14427508571634373,0.8296262075209758,0.019053395213865176,0.0940409621308306,0.07058134968735226,0.39272946366191613,0.5764051708787739,0.7349096967028619,0.9752667728316204,0.8260777594288722,0.935972947296137,0.9915887963079895,0.998238574890735,0.90360241106857,0.9990356404197264,0.9488294846088001,0.9726684445013292,0.975395403636215,0.9980731390262926,0.9026408852950818,0.9467911691169576,0.9519725044156464,0.9656311109154481,0.9338015196092287,0.9917978933572797,0.9989149186752186,0.979009235936188,0.9982886480319453,0.9980957961037059,2.452207278380299
25,199.1,0.9775217215825562,0.0023946008395721017,0.01210175930271478,0.05513103168199497,0.06723279095397494,0.945315298127554,0.015710433473986072,0.04549931878616029,0.007237034285802723,0.16014964964539247,0.22859643628892684,0.2826821005885014,0.03569094226450607,0.07962399120916619,0.07297069020201939,0.152594681526808,0.8311996418813746,0.013860077727981993,0.11487205435303306,0.07259452719694276,0.3924439303738596,0.593770588595692,0.7580306436241966,0.9759108053810719,0.8285386475834688,0.9364470467565802,0.9924607160452724,0.9988246533413631,0.9059602438984434,0.9989986402817065,0.948229892555918,0.9713304334492641,0.9746038450634201,0.9979992839998233,0.9015562296785767,0.9442589389576894,0.9504656716054283,0.9647213903562007,0.9320936134138981,0.9919329690103961,0.9987413519292129,0.9792583280955374,0.9980034227039362,0.9985371562317145,2.4439489128619116
26,197.5,0.9771258203391974,0.0023031347447070465,0.010567330402567993,0.05401034581588234,0.06457767624140479,0.9464203200433303,0.015689314786853533,0.04508390744329241,0.00684176251218119,0.1501162429972277,0.21773122784852883,0.2696361427283129,0.0386875575521383,0.07830973649884458,0.07365986464188767,0.1519696004587404,0.8304455818156519,0.01581262854007988,0.09594921976386678,0.07647730010905884,0.3899286680908128,0.5781678176343559,0.7455088770351349,0.9743866870798666,0.8288546300757812,0.9324836582883181,0.9921458675868979,0.9985305353643836,0.9059838484669691,0.9990201751421652,0.949111228822082,0.9721121450989957,0.9747855049193055,0.9980422685183011,0.903150985006952,0.9457375534343867,0.9508112786120725,0.9653362929467942,0.9332332723511371,0.9916544809909312,0.9986838821254219,0.9779920352127437,0.9982881597717547,0.9986832479882956,2.467565186773954
27,197.5,0.9775828850542417,0.0017924816885468637,0.009332223707003883,0.05269098146859171,0.06202320515453791,0.9477206633861949,0.01554830834496072,0.04499601877393837,0.006706139551535796,0.1444676968258612,0.21171816348745,0.2610911597764903,0.03602378402109271,0.08372276590992943,0.07265480518105938,0.15637757080494463,0.8314885895633133,0.015434811014327195,0.09629206039026174,0.07340687402120472,0.38976871955559333,0.574902463873345,0.7416203607542392,0.9741896419097745,0.8297725745266551,0.9318822585526756,0.9921568213694455,0.9985298458072025,0.9067175983359292,0.9990423615603721,0.9508323341381361,0.9724974675454009,0.9752279327634376,0.998086555508741,0.9062730058088972,0.9464672220536559,0.9516535080754813,0.9661859114823249,0.9347979119793447,0.9923731017706259,0.9988131403762225,0.980293501048218,0.9982886480319453,0.9985371562317145,2.4354950170536602
28,198.2,0.9782876206735063,0.0015029871631560003,0.008127915668838177,0.05153418249605651,0.05966209812610166,0.9488607703427053,0.015469657632009266,0.04518850770616195,0.006466664729917866,0.14312056816678267,0.21024539814964277,0.2576251287939589,0.034664877652500446,0.0893705243146393,0.07090216429070138,0.16027268867592964,0.833243316858713,0.015402357477616329,0.09439700242330337,0.0786532269339914,0.39191535873525946,0.5803679466078561,0.7480566202565528,0.976075223069509,0.8359048856669915,0.9372575600354787,0.9924374004944919,0.9985307086785562,0.9086229171672979,0.9990278653112837,0.9498277755137533,0.9722095200556837,0.9749862981357726,0.9980576188786343,0.9044495306266714,0.9459218965604316,0.9511934292805373,0.9656745312350697,0.9338549521558801,0.9931131077159403,0.9988950098202162,0.9822212926166074,0.9982886480319453,0.9988293824992683,2.4535600910578617
29,198.4,0.977755303445316,0.0014768058102051067,0.0072560719364042825,0.050767050258855494,0.05802312221466233,0.9496202721987685,0.015391429861866002,0.04476345703778993,0.006223972062733063,0.13684324569452744,0.2032221049416753,0.24928680924878865,0.0362258185544438,0.09109299245876892,0.0711648279775294,0.16225782029854308,0.8329443707033493,0.015854713862111427,0.08822765399718425,0.0789550392242103,0.38289700316254205,0.5659344091908584,0.7366026599819844,0.9746503206132555,0.8349620239446844,0.9326731269288787,0.9927465225479214,0.9985313123629664,0.9081763441209505,0.9990413890562125,0.9508712502392114,0.9723702072900406,0.9752057297746942,0.9980846142221932,0.906343716589617,0.9462261742390772,0.9516112239389187,0.9661490624346487,0.934727038255871,0.9924665272880437,0.998847921953352,0.9802852348993288,0.99843148438614,0.9986828625786623,2.452698116513121
30,197.5,0.9779116892855851,0.0013277744352382216,0.006295421465810144,0.04975493779369611,0.05605035927030693,0.9506172516030263,0.015371989124582522,0.04457647325884707,0.00614022132980385,0.13196245940605503,0.19805114321958084,0.24246686071949214,0.037838713182531576,0.09843357250142268,0.07099556631208406,0.16942913912512259,0.8331252937251059,0.015411812089645552,0.09132793116616544,0.0780361912472724,0.3930168174192515,0.5777927517259027,0.7556695699640339,0.9763308115692855,0.8345527706295537,0.9368453301934885,0.9933229681244269,0.998824136389941,0.9086307323852973,0.9990170219780716,0.9498307744444908,0.9714861336952443,0.9749353407351559,0.9980359745499952,0.9044549690951549,0.9445532680911726,0.9510964327209953,0.9654174162916304,0.9333682233024408,0.9919868399958395,0.9987888142098903,0.9791318864774624,0.9981457709313936,0.9986828625786623,2.4426457949640823
31,198.3,0.977904432027176,0.0013898172869787478,0.005706136267252507,0.04904279908286729,0.054748935317995635,0.9513190863735204,0.015303161920768535,0.04419663188466396,0.00596311448822469,0.1280647748829963,0.1935276832306296,0.23703539755926828,0.03688121540450027,0.09911877635720659,0.07096480262232485,0.1700835789253869,0.83314448595047,0.01563687558439624,0.09116694748519205,0.07671542609876106,0.3928587605967324,0.576378009447376,0.7534036353245172,0.974723842020436,0.8333362154798352,0.9332196846033537,0.992419666960979,0.9985321744969755,0.9082394230409324,0.9990559428845387,0.950954336921884,0.9729365163538823,0.9757959857288259,0.9981136665755689,0.90649470313007,0.9472992973130713,0.9527359511700455,0.9665622796681973,0.9355099838710622,0.992427174392895,0.9988761459222482,0.980310012568077,0.9982886480319453,0.9986828625786623,2.4592274393911144
32,198.3,0.9778755937620615,0.0011525998633229735,0.005015360589301343,0.04826053709639163,0.05327589769069463,0.9520909335911151,0.01524880238528019,0.04423164628560536,0.0058870769657605355,0.12062231979215723,0.18598984537708804,0.22800401877186613,0.0349671853501943,0.10427484436282482,0.07076568827694336,0.17504053240932252,0.8333580698487322,0.015071651640447369,0.09244799320044132,0.0797672094026323,0.3832123649896249,0.5704992201576042,0.748177708242331,0.9746376764955311,0.8344311217035344,0.9320618856407312,0.9933202625383535,0.9985308813075089,0.908540028466582,0.9990432763222904,0.9513149306323058,0.9720504957299043,0.9755534993761402,0.9980883815352288,0.907150257422757,0.945620861425598,0.9522737388258489,0.96630630857945,0.9350149525580679,0.9926827962112034,0.9989760111471835,0.9812186978297162,0.9981468282252316,0.9986828625786623,2.4525705531245023
33,197.8,0.9779037342059834,0.001133902030296807,0.004480728426292997,0.04767624073692405,0.05215696916726428,0.9526678730759595,0.015268138650419703,0.04430404465047093,0.005768370816527461,0.12114045037526518,0.1864810043898743,0.22773694016283705,0.037006590176831444,0.1034383479826263,0.06972660762818138,0.17316495556145503,0.8343788390093771,0.015475325581662433,0.0913105917400157,0.08262459843507744,0.3887981558457399,0.5782086702882949,0.7575035368402799,0.9752458800883912,0.8373758035003138,0.9350433536589271,0.9921635779532523,0.9985307086529942,0.9094255235263199,0.999038160396465,0.9510495043320519,0.9722090799928036,0.9750185060595725,0.9980781692858222,0.9066676723637421,0.9459210633870908,0.951254741499012,0.9660923634614761,0.934614492416615,0.9923729590680829,0.9988783358908057,0.980293501048218,0.9982886480319453,0.9985367281240854,2.436787774246356
34,197.9,0.9780527550674506,0.0010898962236024921,0.004091354662191439,0.04718085251371239,0.0512722072115376,0.953158525967311,0.015170399158931697,0.04429348463238201,0.005684949754499069,0.11653076051032707,0.18167959410355466,0.2221597668081955,0.036053491878093924,0.1108426866950755,0.06956815617838673,0.18041084324618464,0.834531182603253,0.015339899910793795,0.0912131241557631,0.08189387955293886,0.3848354979849896,0.5732824014099334,0.756038211260351,0.9751731796174431,0.8374893431472934,0.9342658186482785,0.9927224940923487,0.9985312261117022,0.9095185447712077,0.9990411050009778,0.9511767719817606,0.972232892590381,0.9751853765023067,0.9980840471995143,0.9068990336713055,0.9459661489272543,0.9515724640755009,0.9661983470248162,0.9348125488913536,0.9927867385600925,0.9989170521760743,0.9813924315283294,0.99843148438614,0.9985362997658079,2.469807979851858
35,197.3,0.9776782117328287,0.0010085186916449563,0.0037433748152532744,0.046763001820138254,0.0505063766408704,0.9535721354140143,0.015185316530898703,0.04412873511791427,0.005637865240056315,0.11713185133207582,0.1820837680440614,0.22195722871905,0.03725124314912625,0.10903594973475404,0.069655065228189,0.17869101529793938,0.8344405747259392,0.015589528811179646,0.09065497532868996,0.08092360511095362,0.3878523368807234,0.575020445154381,0.7582386443115903,0.9743319627571562,0.8372758629182264,0.9317382873791666,0.9927262888587032,0.9985313120335988,0.9095290104246286,0.9990435986384153,0.9508854433687046,0.9724273065409117,0.9753850796382512,0.9980890249359837,0.9063695068935044,0.9463343204143131,0.9519528363825537,0.9662326098492892,0.934885554563457,0.9924700625920407,0.9988805518271305,0.980580496972228,0.9981468282252316,0.9986828625786623,2.443337650446172
36,198.0,0.9777089623973327,0.001033314641949697,0.003533473919214288,0.046437884057338875,0.0499713579590957,0.9538929580949361,0.015168617057141214,0.04390159446008476,0.0055877761208638545,0.11324696087550207,0.17790494850713368,0.21734250848436315,0.03690650391697451,0.11366772687843345,0.06981548909428557,0.1834832159786944,0.8342766458466209,0.01567310843163916,0.09272542754573936,0.08264104765134299,0.38541094438564144,0.576450530931912,0.7624553695828076,0.9746448505529588,0.8371378339108775,0.9323828875957731,0.9930204377239811,0.9985312263391222,0.9092722630118499,0.9990374917811224,0.9510319354906678,0.9720917053056807,0.9751333967874148,0.998076834624725,0.9066357381771435,0.9456988627519176,0.9514734832130595,0.9660856791945878,0.9346026947140401,0.9923963574444516,0.9988882293767039,0.9803593815294609,0.9981468282252316,0.9986828625786623,2.466297817829874
37,200.0,0.9775132567560018,0.0010074339651090498,0.0033974778299473035,0.04611711551529236,0.04951459335626384,0.9542065075493888,0.015180596410060644,0.043965988507553865,0.00554319170730289,0.11429208640787007,0.17898186305503025,0.21810938128733745,0.03706062019620384,0.11288159185494238,0.06960594513741941,0.18248753696826736,0.8344792348628448,0.015353149209330688,0.09321068341915424,0.08277479001586517,0.3870014903343171,0.5783401123584199,0.7639318585719113,0.9740934941804,0.8374456990181673,0.9310136436220464,0.992735612782351,0.9985312261368027,0.9093419858046603,0.9990383591353196,0.951059838552741,0.9719415503483484,0.9753614580667136,0.9980785660000923,0.9066864569667452,0.9454146801455522,0.9519078369103735,0.9661209489892677,0.934669658007557,0.9923253270983373,0.9988801912884248,0.9801462904911181,0.9981468282252316,0.9986828625786623,2.470154302939681
38,200.7,0.9776495634077064,0.0010974910985554964,0.0033208600398709626,0.045971895709182274,0.049292755752010135,0.9543505764542006,0.015158279616642402,0.04412335347911538,0.005492632537853699,0.111186902792239,0.17596116852078658,0.2149778650775892,0.0370831811777153,0.11470340158169845,0.06960014054731739,0.18430354219526096,0.8344896128897131,0.015860445478859713,0.091774594854321,0.08305205747018442,0.3868902805288868,0.5775773792621299,0.7643904794757006,0.974036173670877,0.8375994448594728,0.930842071463599,0.9927352232860138,0.9985312262630182,0.9092883120193082,0.9990472398595449,0.9513061968724585,0.9723433363204578,0.9755051875846017,0.9980962934947671,0.9071343742428515,0.9461752846898942,0.9521816760445118,0.9663849069258393,0.9351637783257525,0.9925276096264026,0.9988651426504663,0.9807531380753138,0.9981468282252316,0.9986828625786623,2.447022421319059
39,197.4,0.9780108069570125,0.0010603834456199507,0.0032502464761519894,0.04591903049265289,0.04916927701998123,0.9544033783508465,0.015201170315433273,0.04378020639684795,0.0054987930058311265,0.10982897408823097,0.17430914386537819,0.21315101583922438,0.03657445541469837,0.11292530013099196,0.06925254353345969,0.18217784394896025,0.8348374105769502,0.015787502887572653,0.09014052176146348,0.08272035591703499,0.38492884297342694,0.5735772227431248,0.7582006738089481,0.9750230458187539,0.8376706846087387,0.9329436762086787,0.9933002037163238,0.9988252575312591,0.9097539211690117,0.9990489070553685,0.9513605234153686,0.9724180934412097,0.9755485612370385,0.9980996215472755,0.90723317656694,0.9463168699589938,0.9522643283268031,0.9664423926978722,0.9352714582842457,0.9925669823544111,0.9989005714992788,0.980728948470884,0.998289136013687,0.9986828625786623,2.453130427812305
